,Level,Kills,Deaths,Assists,CS,CS in Team's Jungle,CSM,Golds,GPM,GOLD%,Vision Score,Wards placed,Wards destroyed,Control Wards Purchased,Detector Wards Placed,VSPM,WPM,VWPM,WCPM,VS%,Total damage to Champion,Physical Damage,Magic Damage,True Damage,DPM,DMG%,K+A Per Minute,KP%,Solo kills,Double kills,Triple kills,Quadra kills,Penta kills,GD@15,CSD@15,XPD@15,LVLD@15,Objectives Stolen,Damage dealt to turrets,Damage dealt to buildings,Total heal,Total Heals On Teammates,Damage self mitigated,Total Damage Shielded On Teammates,Time ccing others,Total Time CC Dealt,Total damage taken,Total Time Spent Dead,Consumables purchased,Items Purchased,Result Score
Zeus,18,4,3,2,288,2,7.6,14179,374,21.7,64,26,16,12,12,1.69,0.69,0.32,0.42,20.1,15757,9350,6287,120,416,23.9,0.16,54.5,1,0,0,0,0,-100,-5,-359,0,0,1672,1672,5725,0,26601,0,15,125,26039,76,13,31,0
Oner,15,2,1,5,192,147,5.1,12347,326,18.9,62,12,15,10,10,1.64,0.32,0.26,0.4,19.5,11590,9826,879,885,306,17.6,0.18,63.6,0,0,0,0,0,-202,-2,-280,0,0,606,606,16724,0,29472,0,15,124,32120,0,11,26,0
Faker,17,2,2,4,264,0,7,12580,332,19.3,56,28,14,7,7,1.48,0.74,0.18,0.37,17.6,13265,1389,8390,3486,350,20.1,0.16,54.5,0,0,0,0,0,804,15,685,1,0,1234,1234,3287,0,10906,0,20,69,14675,43,9,26,0
Gumayusi,17,3,5,2,395,48,10.4,17362,458,26.6,36,16,12,6,6,0.95,0.42,0.16,0.32,11.3,20946,19562,1027,357,553,31.7,0.13,45.5,0,0,0,0,0,-1002,-31,-1512,-2,0,3223,3223,3415,0,11135,0,12,115,21667,102,11,36,0
Keria,13,0,5,9,44,0,1.2,8804,232,13.5,100,78,14,24,23,2.64,2.06,0.63,0.37,31.4,4449,911,2626,912,117,6.7,0.24,81.8,0,0,0,0,0,257,19,172,0,0,792,792,9299,5042,22103,4426,14,46,19781,115,26,41,0
Zeus,17,5,2,6,229,16,7.1,13283,412,20.1,37,21,5,8,8,1.15,0.65,0.25,0.16,11.5,14460,8523,5425,512,449,18.8,0.34,55.0,0,0,0,0,0,890,23,952,1,0,3679,3679,4380,0,29709,0,16,236,19198,65,10,28,1
Oner,17,5,1,7,224,173,7,13969,434,21.2,122,43,30,10,10,3.79,1.33,0.31,0.93,38.0,17758,15202,677,1879,551,23.1,0.37,60.0,0,0,0,0,0,-216,2,691,1,1,1087,1087,14269,0,26383,0,15,331,23565,16,11,29,1
Faker,17,3,2,6,241,0,7.5,12829,398,19.4,25,10,4,7,6,0.78,0.31,0.22,0.12,7.8,12300,10456,501,1343,382,16.0,0.28,45.0,0,0,0,0,0,535,0,251,0,0,5278,5278,2498,0,32077,103,22,471,16735,90,8,26,1
Gumayusi,17,6,1,7,327,32,10.2,16475,511,25.0,37,11,8,3,3,1.15,0.34,0.09,0.25,11.5,26776,24710,1471,595,831,34.9,0.4,65.0,0,1,0,0,0,-962,-16,-542,0,0,8466,8466,2918,0,10843,0,17,70,9529,10,5,30,1
Keria,13,1,2,12,40,0,1.2,9434,293,14.3,100,56,14,17,17,3.1,1.74,0.53,0.43,31.2,5533,1129,3018,1386,172,7.2,0.4,65.0,0,0,0,0,0,804,24,772,1,0,1165,1165,5754,2912,22064,4736,23,75,14222,67,19,34,1
Zeus,14,0,4,2,225,9,8.1,9698,348,21.9,30,12,1,6,4,1.08,0.43,0.22,0.04,16.9,10345,1964,8381,0,372,21.9,0.07,50.0,0,0,0,0,0,1457,39,-363,0,0,1965,1965,2600,0,10466,0,17,50,15743,108,7,21,0
Oner,12,2,2,2,138,108,5,9053,325,20.4,38,8,9,6,6,1.37,0.29,0.22,0.32,21.3,6328,627,5559,142,227,13.4,0.14,100.0,0,0,0,0,0,925,-8,-909,-1,0,357,357,10996,957,25674,0,39,537,20245,82,7,20,0
Faker,14,0,2,2,242,8,8.7,9671,347,21.8,23,13,3,6,5,0.83,0.47,0.22,0.11,12.9,15828,13663,2165,0,569,33.5,0.07,50.0,0,0,0,0,0,-273,-15,-1601,-1,0,2556,2556,1024,0,9448,0,4,90,12747,62,7,25,0
Gumayusi,13,1,3,1,244,8,8.8,10222,367,23.1,26,12,5,6,5,0.93,0.43,0.22,0.18,14.6,12417,11900,517,0,446,26.3,0.07,50.0,0,0,0,0,0,-1377,-27,5,0,0,2055,2055,1273,0,9333,0,7,165,8942,59,9,25,0
Keria,10,1,3,1,31,0,1.1,5700,205,12.9,61,35,9,13,11,2.19,1.26,0.47,0.32,34.3,2382,380,1770,232,86,5.0,0.07,50.0,0,0,0,0,0,-392,13,-558,-1,0,0,0,8,0,14462,0,21,159,10460,68,16,28,0
Zeus,18,4,3,5,326,4,7.5,17007,390,21.7,47,13,8,10,8,1.08,0.3,0.23,0.18,11.2,22738,1844,20763,131,522,25.1,0.21,64.3,0,0,0,0,0,486,2,-343,0,0,2928,2928,21909,0,39434,0,46,474,39088,147,14,35,0
Oner,17,3,6,7,233,204,5.3,14671,337,18.7,100,18,23,15,15,2.29,0.41,0.34,0.53,23.8,9737,8480,876,381,223,10.8,0.23,71.4,0,0,0,0,0,-1292,-4,-308,0,2,326,326,23052,0,49586,0,15,178,46010,171,17,36,0
Faker,18,1,6,5,324,4,7.4,15717,361,20.0,65,19,17,16,15,1.49,0.44,0.37,0.39,15.4,19478,674,18587,217,447,21.5,0.14,42.9,0,0,0,0,0,-92,5,-185,0,0,3955,3955,6543,234,21863,0,49,323,24322,158,17,36,0
Gumayusi,18,3,4,6,477,74,10.9,20341,467,25.9,65,14,30,5,5,1.49,0.32,0.11,0.69,15.4,32831,31504,1085,242,753,36.2,0.21,64.3,0,0,0,0,0,-1570,5,-392,0,0,5288,5288,6357,0,21032,0,18,131,18477,146,7,29,0
Keria,14,3,4,8,53,0,1.2,10689,245,13.6,144,86,19,30,27,3.3,1.97,0.69,0.44,34.2,5792,741,3675,1376,133,6.4,0.25,78.6,2,1,0,0,0,-588,17,-3,0,0,1323,1323,11570,3287,31481,5378,21,55,22519,82,33,49,0
Zeus,18,4,3,2,289,12,8.2,15201,433,24.7,62,8,13,6,3,1.77,0.23,0.17,0.37,20.3,31058,2253,21999,6806,885,32.6,0.17,66.7,0,1,0,0,0,373,-12,67,0,0,9354,9354,10304,0,30920,0,7,94,31960,92,7,30,0
Oner,15,0,5,7,185,159,5.3,11666,333,18.9,75,10,12,8,8,2.14,0.29,0.23,0.34,24.6,18888,631,15050,3207,538,19.8,0.2,77.8,0,0,0,0,0,535,-11,-47,0,0,497,497,19841,1367,37355,0,34,627,39587,159,10,24,0
Faker,15,1,5,6,197,0,5.6,10338,295,16.8,33,15,7,12,11,0.94,0.43,0.34,0.2,10.8,13737,3139,10598,0,392,14.4,0.2,77.8,0,0,0,0,0,-844,-17,89,0,0,97,97,3040,0,52187,0,59,551,25531,141,13,30,0
Gumayusi,16,4,2,3,393,59,11.2,16753,478,27.2,49,15,15,6,6,1.4,0.43,0.17,0.43,16.1,26890,25509,1381,0,766,28.2,0.2,77.8,0,0,1,0,0,129,11,-194,0,0,3053,3053,6548,0,18086,0,2,218,12435,30,8,28,0
Keria,13,0,1,8,9,0,0.3,7613,217,12.4,86,65,7,18,18,2.45,1.85,0.51,0.2,28.2,4754,726,4028,0,136,5.0,0.23,88.9,0,0,0,0,0,-86,-22,45,0,0,417,417,1185,193,6311,3767,23,272,8277,0,20,36,0
Zeus,15,0,4,5,181,0,5.7,9202,288,17.8,37,12,5,8,7,1.16,0.38,0.25,0.16,13.2,7775,1951,5824,0,244,18.7,0.16,71.4,0,0,0,0,0,-169,-16,-185,0,0,1067,1067,2332,0,36946,0,20,516,19978,106,10,22,0
Oner,14,2,5,2,203,139,6.4,10539,330,20.4,74,7,22,5,5,2.32,0.22,0.16,0.69,26.4,8751,6486,1384,881,274,21.0,0.13,57.1,0,0,0,0,0,-680,6,-234,0,0,115,115,9031,1439,17999,0,3,152,21752,129,6,24,0
Faker,15,0,2,4,198,0,6.2,9086,285,17.6,40,10,9,8,7,1.25,0.31,0.25,0.28,14.3,8268,1297,6971,0,259,19.8,0.13,57.1,0,0,0,0,0,-632,5,622,0,0,328,328,2444,0,37365,0,47,658,19256,52,8,21,0
Gumayusi,15,5,3,1,369,24,11.6,16241,509,31.4,45,14,16,6,6,1.41,0.44,0.19,0.5,16.1,11081,10000,143,938,347,26.6,0.19,85.7,0,1,0,0,0,728,-21,-1461,-1,0,6468,6468,3598,0,8091,0,8,50,12045,49,7,28,0
Keria,12,0,2,6,33,0,1,6695,210,12.9,84,61,7,20,18,2.63,1.91,0.63,0.22,30.0,5807,424,4671,712,182,13.9,0.19,85.7,0,0,0,0,0,124,-3,194,0,0,0,0,3001,215,12855,2434,12,108,13784,28,22,37,0
Zeus,14,2,1,7,207,12,8.9,8930,385,20.2,22,10,2,3,3,0.95,0.43,0.13,0.09,10.4,14795,1294,10167,3334,639,28.1,0.39,75.0,0,0,0,0,0,148,3,-493,0,0,4742,4742,7053,0,12870,0,6,65,18141,30,4,14,1
Oner,12,1,2,10,157,130,6.8,8387,362,18.9,101,33,23,3,2,4.36,1.42,0.13,0.99,47.6,7711,6807,469,435,333,14.6,0.47,91.7,0,0,0,0,0,-142,4,-46,0,1,1386,1386,11991,0,11039,0,6,227,20197,69,4,14,1
Faker,13,2,3,9,182,0,7.9,9072,392,20.5,16,5,4,2,2,0.69,0.22,0.09,0.17,7.5,10998,9783,749,466,475,20.9,0.47,91.7,0,0,0,0,0,-648,1,23,0,0,4354,4354,3539,0,22116,387,34,424,17959,62,3,18,1
Gumayusi,13,7,1,2,252,13,10.9,12282,530,27.7,21,11,5,5,4,0.91,0.47,0.22,0.22,9.9,14903,13284,229,1390,643,28.3,0.39,75.0,0,1,1,0,0,155,14,-87,0,0,5376,5376,3192,0,4459,0,11,93,8773,14,9,28,1
Keria,10,0,3,9,30,0,1.3,5597,242,12.6,52,35,6,10,10,2.24,1.51,0.43,0.26,24.5,4327,626,2983,718,187,8.2,0.39,75.0,0,0,0,0,0,10,14,558,0,0,237,237,1268,0,12830,0,33,188,10607,43,12,23,1
Zeus,14,1,1,4,208,0,8.5,8723,358,19.7,25,9,2,4,4,1.03,0.37,0.16,0.08,14.0,12266,3794,8472,0,503,25.9,0.21,55.6,0,0,0,0,0,433,6,470,1,0,1669,1669,1498,0,16757,0,25,336,15479,38,6,23,1
Oner,12,1,3,7,136,128,5.6,9219,378,20.8,35,4,6,5,4,1.44,0.16,0.21,0.25,19.7,11542,489,9641,1412,473,24.4,0.33,88.9,0,0,0,0,0,481,-11,-108,0,0,1023,1023,13406,436,16328,0,33,466,22581,41,6,16,1
Faker,14,3,2,1,208,0,8.5,9754,400,22.0,34,9,10,4,4,1.39,0.37,0.16,0.41,19.1,7811,6374,706,731,320,16.5,0.16,44.4,1,0,0,0,0,721,2,-174,-1,0,4954,4954,1789,0,7464,0,0,26,10517,48,6,27,1
Gumayusi,13,4,2,2,247,15,10.1,10780,442,24.4,26,9,8,4,3,1.07,0.37,0.16,0.33,14.6,12689,11486,0,1203,520,26.8,0.25,66.7,0,0,0,1,0,-1046,-18,-374,0,0,6161,6161,1386,0,4455,0,6,58,8151,14,7,22,1
Keria,10,0,1,6,35,0,1.4,5782,237,13.1,58,37,11,10,10,2.38,1.52,0.41,0.45,32.6,2991,370,1991,630,123,6.3,0.25,66.7,0,0,0,0,0,-226,29,169,0,0,1004,1004,2870,1878,7484,1562,10,26,4698,14,12,22,1
Zeus,14,0,2,3,208,0,7.2,8543,296,19.0,34,10,3,6,5,1.18,0.35,0.21,0.1,15.0,8732,6622,1611,499,302,21.0,0.1,100.0,0,0,0,0,0,345,18,682,1,0,884,884,3440,0,29042,387,28,418,23494,46,7,19,0
Oner,13,1,3,2,190,161,6.6,9933,344,22.1,62,8,15,8,7,2.15,0.28,0.28,0.52,27.4,11085,6088,3615,1382,384,26.6,0.1,100.0,0,0,0,0,0,322,-3,-373,0,0,1352,1352,10535,780,17114,0,6,175,19641,40,9,25,0
Faker,13,0,6,2,189,0,6.5,8023,278,17.9,33,8,7,6,5,1.14,0.28,0.21,0.24,14.6,5127,349,4778,0,178,12.3,0.07,66.7,0,0,0,0,0,-1134,-11,-546,-1,0,0,0,990,0,33399,0,26,520,23458,185,6,25,0
Gumayusi,13,1,3,2,285,19,9.9,11738,406,26.2,33,10,9,4,3,1.14,0.35,0.14,0.31,14.6,12470,11201,901,368,432,30.0,0.1,100.0,0,0,0,0,0,-351,-4,-735,-1,0,2583,2583,3198,0,9034,0,11,135,10154,80,6,22,0
Keria,10,1,3,2,29,0,1,6631,230,14.8,64,45,6,16,14,2.22,1.56,0.55,0.21,28.3,4220,142,3130,948,146,10.1,0.1,100.0,0,0,0,0,0,319,-1,-997,-1,0,303,303,1209,0,8108,821,36,138,14789,56,18,31,0
Zeus,15,1,0,3,213,0,8.2,9213,353,20.1,24,12,1,6,6,0.92,0.46,0.23,0.04,12.6,9116,727,8389,0,349,26.1,0.15,57.1,0,0,0,0,0,-151,4,907,0,0,946,946,6241,0,6451,0,28,347,9707,0,8,22,1
Oner,14,5,1,2,186,171,7.1,10138,389,22.1,32,5,6,3,3,1.23,0.19,0.12,0.23,16.8,10592,305,9076,1211,406,30.3,0.27,100.0,0,1,0,0,0,-168,1,105,0,0,1553,1553,11193,0,15898,0,8,368,17254,21,4,17,1
Faker,14,1,1,1,217,0,8.3,9070,348,19.8,23,7,7,3,3,0.88,0.27,0.12,0.27,12.0,5471,4723,289,459,210,15.6,0.08,28.6,0,0,0,0,0,-197,-5,-548,0,0,5163,5163,1438,0,20799,0,11,452,15766,35,4,18,1
Gumayusi,14,0,0,4,280,8,10.7,10749,412,23.5,26,13,7,3,3,1,0.5,0.12,0.27,13.6,6844,6382,0,462,262,19.6,0.15,57.1,0,0,0,0,0,342,20,824,1,0,4572,4572,2089,0,3334,0,5,36,6508,0,4,23,1
Keria,11,0,1,5,46,0,1.8,6625,254,14.5,86,50,16,13,13,3.3,1.92,0.5,0.61,45.0,2957,639,1728,590,113,8.5,0.19,71.4,0,0,0,0,0,434,12,61,0,0,974,974,1700,861,6414,1507,6,20,4738,21,15,26,1
Zeus,15,2,4,3,194,0,6.5,9143,305,19.1,28,11,2,6,5,0.93,0.37,0.2,0.07,11.2,16094,4864,11230,0,536,25.5,0.17,71.4,1,0,0,0,0,300,3,302,0,0,0,0,4981,1891,35480,0,38,426,28357,111,8,30,0
Oner,13,1,6,4,166,130,5.5,9269,309,19.3,65,25,15,7,7,2.17,0.83,0.23,0.5,25.9,7648,6024,968,656,255,12.1,0.17,71.4,0,0,0,0,0,-96,3,243,0,0,0,0,9882,0,28278,0,104,517,26618,156,8,23,0
Faker,14,1,4,3,214,0,7.1,9904,330,20.7,43,26,7,9,8,1.43,0.87,0.3,0.23,17.1,14938,1526,10332,3080,498,23.7,0.13,57.1,0,0,0,0,0,-1078,-24,-1275,-1,0,961,961,2771,0,11813,0,23,72,16708,82,9,26,0
Gumayusi,14,3,3,1,316,18,10.5,13071,436,27.3,41,15,14,6,6,1.37,0.5,0.2,0.47,16.3,19585,17721,1864,0,653,31.1,0.13,57.1,0,0,0,0,0,-467,-6,-169,0,0,3149,3149,1380,0,12461,0,6,61,8717,54,7,27,0
Keria,12,0,3,4,13,0,0.4,6535,218,13.6,74,55,6,17,16,2.47,1.83,0.57,0.2,29.5,4777,847,3930,0,159,7.6,0.13,57.1,0,0,0,0,0,195,-25,39,0,0,725,725,1230,494,5387,3699,22,277,9627,51,20,32,0
Zeus,15,1,3,8,177,2,5.8,9943,324,17.6,31,17,2,12,11,1.01,0.55,0.39,0.07,11.2,12220,7200,5017,3,398,17.0,0.29,56.3,0,0,0,0,0,-488,-6,476,0,0,1160,1160,2794,0,42417,0,44,575,25127,110,14,33,0
Oner,14,1,4,7,205,156,6.7,10654,347,18.8,121,40,26,9,8,3.94,1.3,0.29,0.85,43.8,7962,6802,474,686,259,11.1,0.26,50.0,0,0,0,0,0,1075,22,862,1,0,0,0,11855,0,15967,0,8,206,25664,154,10,27,0
Faker,15,4,4,6,196,0,6.4,11572,377,20.5,25,12,7,2,2,0.81,0.39,0.07,0.23,9.1,21897,1399,19563,935,713,30.5,0.33,62.5,1,0,0,0,0,37,-14,-153,0,0,3252,3252,573,0,12213,1022,33,268,14028,134,4,19,0
Gumayusi,15,10,3,1,288,32,9.4,16354,533,28.9,32,15,9,6,6,1.04,0.49,0.2,0.29,11.6,25882,23721,1911,250,843,36.1,0.36,68.8,0,1,0,1,0,1612,15,488,0,0,16323,16323,2809,0,18248,0,10,191,11231,144,8,27,0
Keria,12,0,3,11,8,0,0.3,8010,261,14.2,67,51,7,17,15,2.18,1.66,0.55,0.23,24.3,3757,533,3224,0,122,5.2,0.36,68.8,0,0,0,0,0,267,-22,-113,0,0,2449,2449,1338,141,6616,4317,21,258,9779,77,19,35,0
Zeus,15,1,1,11,164,0,6.3,9310,358,18.0,35,12,6,7,7,1.34,0.46,0.27,0.23,16.7,12506,7524,4981,1,480,21.8,0.46,66.7,0,0,0,0,0,138,32,655,0,0,4349,4349,1909,0,30437,0,28,459,15105,32,8,23,1
Oner,14,3,1,13,175,147,6.7,11004,423,21.2,63,20,13,5,5,2.42,0.77,0.19,0.5,30.1,11382,9702,1164,516,437,19.8,0.61,88.9,0,0,0,0,0,-738,9,-44,0,0,2306,2306,13016,0,22929,0,106,446,21976,30,6,21,1
Faker,15,3,3,13,190,0,7.3,10561,406,20.4,27,11,8,3,3,1.04,0.42,0.12,0.31,12.9,15300,496,14720,84,588,26.7,0.61,88.9,1,0,0,0,0,484,11,589,0,0,1990,1990,350,117,8667,1509,22,233,9406,96,5,17,1
Gumayusi,14,11,1,3,257,26,9.9,14439,555,27.9,27,12,8,4,4,1.04,0.46,0.15,0.31,12.9,12125,11122,503,500,466,21.1,0.54,77.8,0,1,1,0,0,453,-1,570,0,0,15938,15938,2323,0,7042,0,7,125,5752,16,5,21,1
Keria,11,0,3,10,24,0,0.9,6495,249,12.5,57,39,3,12,12,2.19,1.5,0.46,0.12,27.3,6077,1549,3949,579,233,10.6,0.38,55.6,0,0,0,0,0,-125,-2,-217,-1,0,151,151,213,0,7534,0,32,176,9578,54,14,26,1
Zeus,17,1,1,7,228,1,6.2,12125,331,18.1,57,23,5,18,18,1.56,0.63,0.49,0.14,16.5,11198,5074,5757,367,306,14.0,0.22,66.7,0,0,0,0,0,13,-11,155,0,0,1129,1129,7833,0,54923,0,26,759,26305,11,20,39,1
Oner,15,4,2,5,195,168,5.3,12885,352,19.2,75,21,19,19,19,2.05,0.57,0.52,0.52,21.7,11328,9124,1524,680,309,14.2,0.25,75.0,0,0,0,0,0,1103,2,721,0,0,0,0,11123,0,48942,0,41,685,24050,51,21,41,1
Faker,17,2,1,5,265,0,7.2,13523,369,20.2,57,7,18,4,4,1.56,0.19,0.11,0.49,16.5,20335,1256,18062,1017,555,25.4,0.19,58.3,0,0,0,0,0,43,-21,166,0,0,3584,3584,1768,0,15640,2628,21,347,11411,0,7,20,1
Gumayusi,17,5,0,4,409,42,11.2,19506,532,29.1,64,17,24,5,5,1.75,0.46,0.14,0.66,18.6,29657,24465,1917,3275,810,37.1,0.25,75.0,0,0,0,0,0,1193,25,-257,0,0,17575,17575,3845,0,7733,0,13,159,9433,0,8,31,1
Keria,13,0,0,8,25,0,0.7,8917,243,13.3,92,74,3,24,24,2.51,2.02,0.66,0.08,26.7,7473,130,6067,1276,204,9.3,0.22,66.7,0,0,0,0,0,330,-4,754,1,0,231,231,4649,156,13943,2896,12,113,12857,0,27,45,1
Zeus,11,2,2,4,121,0,7.2,6184,367,16.7,11,5,1,1,1,0.65,0.3,0.06,0.06,11.5,5326,3647,1358,321,316,13.9,0.36,31.6,1,0,0,0,0,-85,-30,64,1,0,1721,1721,1142,0,10269,0,13,360,10073,22,2,14,1
Oner,10,2,0,11,102,81,6.1,6931,412,18.7,21,6,2,5,5,1.25,0.36,0.3,0.12,21.9,7850,1177,6285,388,466,20.5,0.77,68.4,0,0,0,0,0,237,9,448,0,0,55,55,10418,0,10845,0,36,426,16204,0,6,14,1
Faker,11,5,2,7,134,0,8,7573,450,20.4,23,12,5,4,4,1.37,0.71,0.24,0.3,24.0,9327,1692,5681,1954,554,24.4,0.71,63.2,1,1,0,0,0,152,3,581,0,0,697,697,2668,0,4754,0,12,33,10181,62,4,12,1
Gumayusi,11,10,0,3,179,4,10.6,11977,712,32.3,15,9,2,3,3,0.89,0.53,0.18,0.12,15.6,11287,9868,513,906,671,29.5,0.77,68.4,0,1,0,0,0,3657,43,3,0,0,11083,11083,2378,0,2584,0,6,21,5535,0,6,21,1
Keria,8,0,1,9,23,0,1.4,4470,266,12.0,26,13,2,6,6,1.54,0.77,0.36,0.12,27.1,4432,699,3393,340,263,11.6,0.53,47.4,0,0,0,0,0,281,17,337,0,0,532,532,2010,235,6443,400,11,77,7962,0,9,19,1
Zeus,14,2,1,8,162,0,6.6,9182,377,18.3,44,16,3,8,7,1.8,0.66,0.33,0.12,23.7,7295,1275,6020,0,299,13.4,0.41,50.0,0,0,0,0,0,-297,-9,-452,-1,0,1618,1618,2912,0,12357,2812,19,275,13229,27,10,26,1
Oner,12,5,1,11,127,107,5.2,10240,420,20.5,34,6,6,6,5,1.39,0.25,0.25,0.25,18.3,11404,761,10209,434,468,20.9,0.66,80.0,0,0,0,0,0,888,3,52,0,0,752,752,16292,785,21385,0,60,544,23504,6,7,23,1
Faker,14,4,3,6,161,3,6.6,9237,379,18.4,28,7,5,3,3,1.15,0.29,0.12,0.21,15.1,10275,9216,509,550,421,18.8,0.41,50.0,2,1,0,0,0,450,-8,162,1,0,4462,4462,1249,0,24585,374,29,373,18236,80,4,17,1
Gumayusi,13,9,0,5,243,20,10,13435,551,26.8,26,13,6,6,6,1.07,0.53,0.25,0.25,14.0,19503,16694,2785,24,800,35.7,0.57,70.0,0,2,0,0,0,2816,24,1358,1,0,17505,17505,2693,0,10271,0,13,108,4984,0,7,19,1
Keria,12,0,0,16,12,4,0.5,7975,327,15.9,54,40,2,11,11,2.21,1.64,0.45,0.08,29.0,6146,995,5151,0,252,11.3,0.66,80.0,0,0,0,0,0,898,-27,181,0,0,3340,3340,1009,382,3464,4007,23,235,6201,0,13,26,1
Zeus,17,6,5,10,193,4,5.8,13286,397,20.2,45,14,11,10,10,1.34,0.42,0.3,0.33,13.6,9474,6861,1666,947,283,11.8,0.48,57.1,1,1,0,0,0,69,7,883,1,0,3584,3584,2125,0,47477,182,17,432,29401,163,12,37,1
Oner,16,7,2,11,205,143,6.1,14073,420,21.4,121,43,37,7,7,3.61,1.28,0.21,1.11,36.4,18580,16213,770,1597,555,23.1,0.54,64.3,1,0,0,0,0,-1579,-24,-491,0,1,1752,1752,14371,0,17788,0,10,268,24361,43,8,28,1
Faker,16,5,7,17,180,0,5.4,12378,370,18.8,27,7,5,3,3,0.81,0.21,0.09,0.15,8.1,19881,1694,17719,468,594,24.7,0.66,78.6,1,1,0,0,0,-1556,5,613,1,0,479,479,4317,0,58692,0,76,597,26593,187,3,20,1
Gumayusi,15,9,7,10,312,26,9.3,16566,495,25.2,38,15,12,4,4,1.13,0.45,0.12,0.36,11.4,27867,24436,2096,1335,832,34.6,0.57,67.9,0,1,1,0,0,-2082,-24,-2026,-2,0,11303,11303,1204,0,13833,0,7,208,12297,193,6,26,1
Keria,14,1,2,21,19,2,0.6,9532,285,14.5,101,65,9,18,16,3.02,1.94,0.54,0.27,30.4,4705,1167,3475,63,141,5.8,0.66,78.6,0,0,0,0,0,-1093,-17,-258,0,0,1360,1360,2410,827,5772,6639,20,271,9683,40,21,38,1
Zeus,16,3,4,4,212,1,6.1,11220,322,18.7,32,17,2,14,12,0.92,0.49,0.4,0.06,11.2,13378,8137,5097,144,384,15.7,0.2,50.0,1,0,0,0,0,1066,6,920,1,0,1050,1050,5323,0,75241,0,28,1366,37815,138,15,37,0
Oner,15,5,6,4,209,170,6,12930,371,21.5,60,23,12,11,10,1.72,0.66,0.32,0.34,21.1,14273,11498,1990,785,410,16.8,0.26,64.3,1,1,0,0,0,390,13,833,1,0,346,346,20203,0,46138,397,14,644,41027,217,12,26,0
Faker,16,1,3,7,287,0,8.2,12493,358,20.8,34,8,10,6,5,0.98,0.23,0.17,0.29,11.9,16744,571,11093,5080,480,19.7,0.23,57.1,0,0,0,0,0,935,15,774,1,0,5104,5104,6543,276,16815,0,32,100,19410,136,8,29,0
Gumayusi,16,4,2,2,350,38,10,15548,446,25.9,56,14,19,6,5,1.61,0.4,0.17,0.55,19.6,34012,32006,1376,630,976,40.0,0.17,42.9,0,0,1,0,0,-292,-9,-82,0,0,2433,2433,3336,0,16204,0,18,172,10821,51,8,22,0
Keria,13,1,4,9,35,0,1,7820,224,13.0,103,74,10,21,19,2.96,2.12,0.6,0.29,36.1,6654,500,6154,0,191,7.8,0.29,71.4,0,0,0,0,0,105,16,-112,0,0,183,183,1356,559,23128,3207,32,176,19295,105,24,42,0
Zeus,14,0,2,8,144,4,5.1,8401,296,16.2,30,8,4,3,3,1.06,0.28,0.11,0.14,15.7,9355,6743,2610,2,329,13.0,0.28,66.7,0,0,0,0,0,-1078,-28,-894,0,0,1065,1065,2638,0,35394,0,26,466,21487,53,4,17,1
Oner,13,2,2,7,155,136,5.5,10846,382,20.9,39,9,8,7,7,1.37,0.32,0.25,0.28,20.4,10363,8794,837,732,365,14.4,0.32,75.0,0,0,0,0,0,-32,3,-73,0,1,5823,5823,11320,0,26801,0,14,106,22273,42,8,26,1
Faker,15,4,1,5,204,0,7.2,10643,375,20.5,22,7,4,1,1,0.77,0.25,0.04,0.14,11.5,14928,380,14478,70,525,20.8,0.32,75.0,0,0,0,0,0,-1152,-8,-598,-1,0,4480,4480,2413,206,4699,0,16,53,8865,27,3,19,1
Gumayusi,14,6,3,3,292,33,10.3,15112,532,29.1,32,12,11,6,5,1.13,0.42,0.21,0.39,16.8,30420,25603,167,4650,1071,42.4,0.32,75.0,1,0,0,0,0,1381,-4,-1034,-1,0,14146,14146,4269,0,7450,0,18,193,13314,84,7,22,1
Keria,12,0,1,7,32,0,1.1,6953,245,13.4,68,47,3,14,14,2.39,1.65,0.49,0.11,35.6,6661,171,5781,709,234,9.3,0.25,58.3,0,0,0,0,0,300,2,452,1,0,1273,1273,4616,472,18077,1607,16,116,15739,34,16,30,1
Zeus,17,1,7,7,283,12,7.6,13024,348,21.0,45,15,7,8,7,1.2,0.4,0.21,0.19,13.6,22263,2272,19991,0,594,33.6,0.21,88.9,0,0,0,0,0,713,23,42,0,0,3688,3688,2733,0,16567,0,23,69,23683,245,9,24,0
Oner,15,3,5,1,222,181,5.9,12157,324,19.6,89,12,22,12,10,2.38,0.32,0.32,0.59,27.0,9729,8148,933,648,260,14.7,0.11,44.4,0,0,0,0,0,-205,9,-341,0,0,169,169,18053,0,28041,0,12,151,35255,108,12,32,0
Faker,16,1,4,3,255,0,6.8,11057,295,17.9,36,12,11,11,9,0.96,0.32,0.29,0.29,10.9,5945,5325,366,254,159,9.0,0.11,44.4,0,0,0,0,0,-730,5,-264,0,0,1316,1316,1470,0,49593,522,21,517,24448,210,12,29,0
Gumayusi,16,2,2,6,394,32,10.5,16121,430,26.0,54,14,17,6,6,1.44,0.37,0.16,0.45,16.4,12869,11432,1437,0,343,19.4,0.21,88.9,0,1,0,0,0,689,16,495,0,0,5313,5313,4994,563,17734,0,10,96,14033,46,8,28,0
Keria,13,2,1,7,45,0,1.2,9549,255,15.4,106,84,11,22,19,2.83,2.24,0.59,0.29,32.1,15423,812,13505,1106,412,23.3,0.24,100.0,0,0,0,0,0,740,-22,-371,0,0,1119,1119,1686,0,9302,3508,48,463,11150,0,24,42,0
Zeus,17,1,6,4,308,33,8.2,15208,404,24.1,57,20,7,7,6,1.51,0.53,0.19,0.19,16.1,19178,17284,1894,0,510,31.3,0.13,83.3,0,0,0,0,0,-94,-8,-707,0,0,6727,6727,3255,0,14983,0,6,196,20185,216,8,29,0
Oner,15,1,4,4,171,131,4.5,11087,295,17.6,83,17,25,15,15,2.21,0.45,0.4,0.66,23.5,10231,4507,5177,547,272,16.7,0.13,83.3,0,0,0,0,0,271,5,32,0,1,0,0,18035,2740,62407,0,28,357,40686,112,16,34,0
Faker,18,3,4,2,320,5,8.5,13856,368,22.0,40,17,8,9,8,1.06,0.45,0.24,0.21,11.3,16178,513,15253,412,430,26.4,0.13,83.3,0,0,0,0,0,-54,-7,-843,-1,0,434,434,3079,290,19205,0,36,129,19910,153,11,29,0
Gumayusi,17,0,2,3,392,30,10.4,14898,396,23.6,64,18,18,6,6,1.7,0.48,0.16,0.48,18.1,10884,7064,3792,28,289,17.8,0.08,50.0,0,0,0,0,0,165,4,-369,-1,0,887,887,3777,0,18991,0,39,448,12313,57,8,24,0
Keria,12,1,6,3,36,0,1,8021,213,12.7,109,81,12,21,20,2.9,2.15,0.56,0.32,30.9,4778,632,3176,970,127,7.8,0.11,66.7,0,0,0,0,0,210,-3,89,0,0,0,0,696,0,27857,0,36,208,19249,190,23,42,0
Zeus,16,3,3,7,195,5,6.5,11276,379,20.7,41,13,8,8,7,1.38,0.44,0.27,0.27,15.1,13323,117,13206,0,447,17.5,0.34,71.4,0,0,1,0,0,94,-13,-52,0,0,4632,4632,9604,0,22368,0,16,336,26256,89,10,28,1
Oner,13,1,0,12,155,129,5.2,9980,335,18.3,69,15,15,12,12,2.32,0.5,0.4,0.5,25.5,11705,6328,4712,665,393,15.3,0.44,92.9,0,0,0,0,0,-107,3,4,0,0,301,301,12885,1334,35789,0,22,317,28010,0,13,25,1
Faker,16,5,1,7,266,13,8.9,12905,433,23.7,23,7,5,5,4,0.77,0.24,0.17,0.17,8.5,26418,21912,4446,60,887,34.6,0.4,85.7,0,0,1,0,0,313,19,304,0,0,14441,14441,1968,0,17869,0,10,187,13838,30,6,26,1
Gumayusi,14,3,1,5,266,12,8.9,12588,423,23.1,58,17,15,9,9,1.95,0.57,0.3,0.5,21.4,16996,11435,5085,476,571,22.3,0.27,57.1,0,0,0,0,0,945,21,619,0,0,2700,2700,3125,0,13952,0,29,322,9032,47,11,24,1
Keria,12,2,2,11,26,0,0.9,7805,262,14.3,80,56,4,16,16,2.69,1.88,0.54,0.13,29.5,7899,270,6361,1268,265,10.3,0.44,92.9,0,0,0,0,0,719,-10,22,0,0,788,788,2926,191,15188,2283,16,121,11045,59,18,32,1
Zeus,18,0,5,7,259,0,5.8,13342,298,17.7,52,19,9,17,15,1.16,0.42,0.38,0.2,13.0,10145,4165,5980,0,227,13.7,0.16,70.0,0,0,0,0,0,-924,-6,91,0,0,591,591,8290,0,71936,0,31,602,43728,167,20,45,0
Oner,17,2,4,5,251,193,5.6,15037,336,19.9,102,16,37,16,13,2.28,0.36,0.36,0.83,25.6,9015,7470,1021,524,202,12.1,0.16,70.0,0,0,0,0,0,-167,6,-560,-1,0,1052,1052,25902,0,40563,0,10,200,46357,116,14,38,0
Faker,18,2,3,4,336,13,7.5,15629,349,20.7,50,13,15,8,6,1.12,0.29,0.18,0.34,12.5,19103,1372,12763,4968,427,25.7,0.13,60.0,0,0,0,0,0,51,-3,-496,-1,0,3457,3457,10333,0,25915,0,24,93,33115,119,10,31,0
Gumayusi,18,5,1,3,472,67,10.6,21360,477,28.3,77,18,29,6,6,1.72,0.4,0.13,0.65,19.3,32534,29906,1454,1174,727,43.8,0.18,80.0,0,1,0,0,0,404,2,85,0,0,18296,18296,5319,0,35094,0,13,236,11163,0,10,31,0
Keria,14,1,3,7,34,0,0.8,10072,225,13.4,118,105,12,28,34,2.64,2.35,0.63,0.27,29.6,3435,273,2534,628,77,4.6,0.18,80.0,0,0,0,0,0,277,-1,315,0,0,157,157,2405,0,10255,2127,40,209,20812,83,42,57,0
Zeus,18,1,4,7,304,28,7.5,14461,359,19.1,61,22,8,13,13,1.51,0.55,0.32,0.2,16.5,19285,15071,4214,0,478,18.3,0.2,42.1,0,0,0,0,0,-382,12,7,0,0,443,443,11613,0,37179,0,30,623,42184,154,16,36,1
Oner,17,3,2,16,203,139,5,13760,341,18.2,91,15,22,13,13,2.26,0.37,0.32,0.55,24.7,12425,5167,5195,2063,308,11.8,0.47,100.0,0,0,0,0,0,-66,0,-404,0,0,1044,1044,22671,3856,79029,0,21,329,57183,68,15,31,1
Faker,18,1,4,13,283,0,7,14631,363,19.4,24,7,4,4,4,0.6,0.17,0.1,0.1,6.5,18198,737,16796,665,451,17.3,0.35,73.7,0,0,0,0,0,-600,-6,87,0,0,2552,2552,2786,0,20655,0,39,288,24752,210,7,25,1
Gumayusi,18,12,2,7,427,63,10.6,22136,549,29.3,61,16,20,6,5,1.51,0.4,0.15,0.5,16.5,49221,45641,1585,1995,1221,46.7,0.47,100.0,0,4,1,0,0,-91,-4,138,0,0,13734,13734,6228,0,26600,0,17,288,14223,108,10,29,1
Keria,15,2,2,16,36,0,0.9,10544,262,14.0,132,87,14,25,25,3.27,2.16,0.62,0.35,35.8,6298,318,4041,1939,156,6.0,0.45,94.7,0,0,0,0,0,-93,-4,137,0,0,957,957,2239,137,13083,2255,30,141,21338,78,28,43,1
Zeus,18,7,1,10,265,41,7.1,15601,421,21.3,60,31,5,12,12,1.62,0.84,0.32,0.13,18.0,29559,26057,3122,380,797,31.6,0.46,73.9,0,0,0,0,0,594,14,122,0,0,5873,5873,6519,0,21412,0,11,212,22408,57,14,37,1
Oner,16,4,1,13,174,134,4.7,13206,356,18.1,58,15,20,13,13,1.56,0.4,0.35,0.54,17.4,10370,5597,3338,1435,280,11.1,0.46,73.9,0,1,0,0,0,105,0,22,0,0,769,769,22235,5698,57542,0,22,295,41208,27,15,34,1
Faker,18,3,2,13,338,6,9.1,15613,421,21.3,40,10,13,8,6,1.08,0.27,0.22,0.35,12.0,21126,1911,18056,1159,569,22.6,0.43,69.6,0,0,0,0,0,-203,-23,-1098,-1,0,4806,4806,2898,0,19391,0,42,316,23579,95,8,23,1
Gumayusi,17,9,2,9,351,51,9.5,18934,510,25.9,60,15,18,4,4,1.62,0.4,0.11,0.49,18.0,22890,16672,4674,1544,617,24.5,0.49,78.3,0,0,0,1,0,445,8,385,0,0,8458,8458,3313,0,21806,0,29,430,11157,61,5,23,1
Keria,15,0,2,20,38,0,1,9789,264,13.4,116,73,10,24,22,3.13,1.97,0.65,0.27,34.7,9449,1099,5794,2556,255,10.1,0.54,87.0,0,0,0,0,0,286,0,498,1,0,231,231,2040,745,25986,3350,33,156,18408,56,27,47,1
Zeus,18,5,5,14,342,12,6.2,19968,364,19.1,106,20,25,12,12,1.93,0.36,0.22,0.46,18.9,23493,18491,5002,0,428,15.8,0.35,57.6,0,0,0,0,0,-2574,-13,-735,0,0,2037,2037,11914,0,68465,0,27,595,51694,210,18,41,1
Oner,18,7,4,12,295,220,5.4,20509,374,19.6,124,12,27,10,10,2.26,0.22,0.18,0.49,22.1,22355,18270,2307,1778,408,15.0,0.35,57.6,0,0,0,0,0,-516,-11,-897,-1,0,3535,3535,28508,0,81209,0,19,299,63168,193,14,37,1
Faker,18,8,7,13,397,25,7.2,22770,415,21.8,44,8,14,5,5,0.8,0.15,0.09,0.26,7.8,42975,1128,41672,175,784,28.9,0.38,63.6,2,1,0,0,0,-5,13,621,1,0,5230,5230,27430,0,59048,0,54,584,57137,346,11,38,1
Gumayusi,18,12,4,13,544,72,9.9,28097,512,26.9,71,24,25,7,7,1.29,0.44,0.13,0.46,12.6,49599,45890,2665,1044,904,33.4,0.46,75.8,1,1,0,0,0,-231,0,-305,0,0,14800,14800,14238,0,35195,0,21,155,33753,171,15,40,1
Keria,17,1,7,22,54,4,1,13289,242,12.7,217,129,23,46,42,3.96,2.35,0.84,0.42,38.6,10140,1176,6284,2680,185,6.8,0.42,69.7,0,0,0,0,0,177,6,-396,0,0,748,748,21617,12346,40102,10675,32,75,34649,260,51,70,1
Zeus,17,2,4,2,281,12,7.9,12594,353,21.1,60,12,9,6,5,1.68,0.34,0.17,0.25,19.3,21731,16799,4932,0,609,33.3,0.11,50.0,0,0,0,0,0,100,9,133,0,0,1887,1887,6649,0,28979,0,29,539,30573,157,10,29,0
Oner,14,4,4,3,177,142,5,11061,310,18.6,71,17,16,6,6,1.99,0.48,0.17,0.45,22.8,11583,9170,1787,626,325,17.7,0.2,87.5,0,0,0,0,0,-560,-4,-973,0,0,0,0,15936,0,29802,508,16,519,30201,82,8,22,0
Faker,18,0,4,6,333,0,9.3,12846,360,21.6,32,10,5,4,3,0.9,0.28,0.11,0.14,10.3,9516,0,9516,0,267,14.6,0.17,75.0,0,0,0,0,0,-1590,13,159,0,0,1914,1914,1672,0,33053,1589,28,97,21015,102,5,24,0
Gumayusi,16,1,5,5,388,32,10.9,15510,435,26.0,40,17,12,9,9,1.12,0.48,0.25,0.34,12.9,18223,17508,495,220,511,27.9,0.17,75.0,0,0,0,0,0,-1687,-6,-1328,-1,0,946,946,4867,0,15466,0,13,75,17806,123,11,34,0
Keria,12,1,5,5,45,0,1.3,7587,213,12.7,108,70,11,20,19,3.03,1.96,0.56,0.31,34.7,4226,652,2621,953,118,6.5,0.17,75.0,0,0,0,0,0,-460,25,800,1,0,233,233,6909,2816,19818,4012,25,113,19364,105,22,39,0
Zeus,16,3,2,7,242,0,7.9,12940,422,21.0,22,10,2,5,5,0.72,0.33,0.16,0.07,8.4,16510,13650,1876,984,539,27.5,0.33,66.7,1,0,0,0,0,2558,38,1258,1,0,9996,9996,3045,0,36610,297,41,2321,21694,92,7,30,1
Oner,16,6,0,7,204,168,6.7,13366,436,21.7,52,21,9,10,10,1.7,0.69,0.33,0.29,19.8,11730,9527,1864,339,383,19.5,0.42,86.7,0,1,0,0,0,1971,7,653,1,0,2608,2608,15104,0,40457,1674,11,549,20898,0,11,29,1
Faker,18,1,1,6,297,12,9.7,12162,397,19.8,42,8,10,4,3,1.37,0.26,0.13,0.33,16.0,14498,1277,13031,190,473,24.1,0.23,46.7,0,0,0,0,0,-370,5,293,1,0,1889,1889,4653,28,14493,0,18,191,16807,10,5,17,1
Gumayusi,16,5,0,2,348,52,11.4,14885,486,24.2,43,15,8,7,7,1.4,0.49,0.23,0.26,16.4,11440,10717,403,320,373,19.0,0.23,46.7,0,0,0,0,0,173,9,-131,0,0,10639,10639,3503,0,6407,0,7,100,10290,0,9,28,1
Keria,12,0,2,9,52,4,1.7,8137,265,13.2,103,54,15,16,14,3.36,1.76,0.52,0.49,39.3,5947,686,3639,1622,194,9.9,0.29,60.0,0,0,0,0,0,265,7,462,1,0,1282,1282,4437,2028,13373,2102,20,44,10222,52,18,36,1
Zeus,17,1,4,5,259,32,6.9,13007,347,19.1,40,14,7,8,6,1.07,0.37,0.21,0.19,11.0,10717,9357,1360,0,286,11.3,0.16,42.9,0,0,0,0,0,-1014,-8,-1105,-1,0,1517,1517,6404,0,22419,0,18,471,24132,95,9,32,0
Oner,15,0,7,3,170,143,4.5,10622,284,15.6,65,18,12,13,13,1.74,0.48,0.35,0.32,17.9,5470,4890,150,430,146,5.8,0.08,21.4,0,0,0,0,0,-589,2,-333,0,0,579,579,6109,0,34489,0,16,221,23241,263,14,31,0
Faker,18,3,4,8,303,16,8.1,14430,385,21.2,36,12,7,8,8,0.96,0.32,0.21,0.19,9.9,25732,1249,24483,0,687,27.1,0.29,78.6,0,0,0,0,0,-624,-3,262,0,1,2687,2687,7996,206,31507,0,23,242,30242,131,9,26,0
Gumayusi,17,9,4,5,360,43,9.6,19401,518,28.5,58,15,16,6,6,1.55,0.4,0.16,0.43,15.9,35644,25983,9453,208,952,37.5,0.37,100.0,0,1,0,1,0,2477,20,-195,0,0,3763,3763,2921,0,25263,0,7,187,15588,141,8,29,0
Keria,14,1,4,13,37,1,1,10578,283,15.5,165,104,21,20,23,4.41,2.78,0.53,0.56,45.3,17494,12934,3912,648,467,18.4,0.37,100.0,0,0,0,0,0,1213,-14,1008,1,0,1242,1242,825,0,5391,0,65,548,13199,93,29,42,0
Zeus,18,2,0,2,340,39,10.4,14971,459,22.5,49,13,8,3,3,1.5,0.4,0.09,0.25,17.1,18512,14091,3776,645,568,29.8,0.12,40.0,1,0,0,0,0,357,20,159,0,0,5810,5810,10114,0,20554,0,20,538,22115,0,4,21,1
Oner,16,3,1,3,181,156,5.6,12135,372,18.3,69,8,16,6,6,2.12,0.25,0.18,0.49,24.0,13522,503,10591,2428,415,21.8,0.18,60.0,0,0,0,0,0,559,7,-120,0,0,2887,2887,14122,0,14626,0,16,142,20975,30,7,21,1
Faker,18,1,0,4,316,12,9.7,13653,419,20.5,33,7,10,6,5,1.01,0.21,0.18,0.31,11.5,4847,3977,702,168,149,7.8,0.15,50.0,0,0,0,0,0,-230,-6,-616,0,0,3534,3534,4402,0,35172,244,10,783,15218,0,8,26,1
Gumayusi,17,4,0,3,363,27,11.1,17485,536,26.3,59,16,13,6,6,1.81,0.49,0.18,0.4,20.6,20560,12083,6135,2342,631,33.1,0.21,70.0,0,1,0,0,0,2675,47,1446,1,0,10843,10843,1288,0,6918,0,0,14,9457,0,9,25,1
Keria,13,0,0,8,7,0,0.2,8242,253,12.4,77,55,4,17,17,2.36,1.69,0.52,0.12,26.8,4635,233,4312,90,142,7.5,0.25,80.0,0,0,0,0,0,236,-10,90,0,0,3430,3430,8393,5193,2950,1451,28,172,5525,0,19,35,1
Zeus,13,6,2,5,190,14,9,11233,535,24.7,19,10,1,3,3,0.9,0.48,0.14,0.05,15.0,18634,4390,13680,564,887,31.6,0.52,55.0,0,2,0,0,0,2336,46,813,1,0,4646,4646,4718,0,6986,0,28,69,11989,44,5,19,1
Oner,12,7,0,12,122,100,5.8,10722,511,23.5,34,6,7,4,4,1.62,0.29,0.19,0.33,26.8,15085,12016,2123,946,718,25.6,0.9,95.0,1,0,0,0,0,2973,12,914,0,0,3330,3330,9951,0,13886,0,14,197,18913,0,5,21,1
Faker,13,6,1,8,178,0,8.5,10096,481,22.2,20,7,2,2,1,0.95,0.33,0.1,0.1,15.7,10766,1098,9532,136,513,18.2,0.67,70.0,0,0,0,0,0,2137,10,40,0,0,4019,4019,320,0,6069,0,26,189,11550,38,2,14,1
Gumayusi,12,1,2,2,199,1,9.5,7971,380,17.5,19,10,3,5,3,0.9,0.48,0.24,0.14,15.0,7722,5595,1940,187,368,13.1,0.14,15.0,0,0,0,0,0,-294,3,-59,0,0,519,519,698,0,4710,0,0,0,8752,57,8,21,1
Keria,10,0,0,12,4,0,0.2,5507,262,12.1,35,27,1,6,6,1.67,1.29,0.29,0.05,27.6,6819,1102,5717,0,325,11.6,0.57,60.0,0,0,0,0,0,296,-3,-51,0,0,924,924,5889,4156,2300,1122,23,132,5295,0,9,18,1
Zeus,14,2,2,4,167,4,7.2,8803,377,18.5,27,12,1,4,3,1.16,0.51,0.17,0.04,14.4,15010,1729,13281,0,643,26.0,0.26,42.9,1,0,0,0,0,-260,-6,205,0,0,2165,2165,2841,0,10159,0,14,28,13927,38,6,22,1
Oner,13,6,1,3,120,108,5.1,9925,425,20.8,34,8,6,6,6,1.46,0.34,0.26,0.26,18.2,10731,9165,781,785,460,18.6,0.39,64.3,1,0,0,0,0,724,-1,59,0,0,3754,3754,12286,0,21542,0,12,149,22136,10,7,21,1
Faker,15,1,0,2,219,7,9.4,9995,428,21.0,26,8,7,4,4,1.11,0.34,0.17,0.3,13.9,9860,1352,8370,138,423,17.1,0.13,21.4,0,0,0,0,0,594,3,208,0,0,5152,5152,5107,0,11253,0,15,155,14732,0,5,18,1
Gumayusi,13,2,1,3,225,4,9.6,11342,486,23.8,26,13,4,6,6,1.11,0.56,0.26,0.17,13.9,11272,10511,737,24,483,19.5,0.21,35.7,0,1,0,0,0,2592,66,1719,2,0,9437,9437,2932,272,9166,0,8,28,6405,16,9,24,1
Keria,10,3,2,5,26,0,1.1,7546,323,15.8,74,43,10,13,12,3.17,1.84,0.56,0.43,39.6,10856,678,9913,265,465,18.8,0.34,57.1,0,0,0,0,0,1279,9,959,1,0,739,739,286,0,4023,2319,32,171,6905,49,15,29,1
Zeus,18,2,0,3,360,41,10.1,17012,477,24.0,52,13,12,8,7,1.46,0.36,0.22,0.34,12.4,18419,14927,3492,0,517,21.4,0.14,35.7,0,1,0,0,0,359,16,706,1,0,8795,8795,9681,0,27260,0,25,573,27459,0,10,32,1
Oner,17,5,2,3,244,175,6.8,14777,415,20.8,74,11,19,12,9,2.08,0.31,0.34,0.53,17.6,15203,12987,1362,854,426,17.6,0.22,57.1,0,1,0,0,0,197,11,516,1,0,3739,3739,22977,0,34762,250,13,346,37539,73,10,29,1
Faker,18,7,2,5,272,17,7.6,14508,407,20.4,94,36,17,8,7,2.64,1.01,0.22,0.48,22.4,27290,1878,25412,0,765,31.6,0.34,85.7,1,1,0,0,0,321,-8,-840,-1,0,1841,1841,3676,0,11895,0,19,55,21433,62,8,27,1
Gumayusi,17,0,1,8,371,18,10.4,15839,444,22.3,76,16,19,7,6,2.13,0.45,0.2,0.53,18.1,15107,13887,974,246,424,17.5,0.22,57.1,0,0,0,0,0,-37,10,-292,0,0,10749,10749,4024,828,16489,0,14,90,12215,36,12,32,1
Keria,13,0,3,9,21,0,0.6,8845,248,12.5,124,71,13,21,20,3.48,1.99,0.59,0.36,29.5,10220,937,8504,779,287,11.9,0.25,64.3,0,0,0,0,0,-544,-3,-313,-1,0,688,688,784,0,9292,5126,41,231,11698,56,23,39,1
Zeus,16,1,0,3,254,0,9.7,12019,457,23.4,30,11,4,5,5,1.14,0.42,0.19,0.15,12.9,10602,2371,8231,0,403,21.4,0.15,36.4,0,0,0,0,0,1410,21,128,0,0,10861,10861,1687,0,6717,0,6,26,7883,0,6,19,1
Oner,13,1,2,8,156,132,5.9,9217,351,18.0,53,10,14,8,8,2.02,0.38,0.3,0.53,22.7,11096,10089,381,626,422,22.4,0.34,81.8,0,0,0,0,0,-518,3,-185,0,0,2195,2195,17025,0,21476,0,13,504,23035,39,9,21,1
Faker,15,4,2,5,250,4,9.5,11354,432,22.1,51,17,12,2,2,1.94,0.65,0.08,0.46,21.9,11533,815,7810,2908,439,23.3,0.34,81.8,0,1,0,0,0,-82,-9,-272,-1,0,2463,2463,3133,0,6777,0,15,50,9736,48,4,17,1
Gumayusi,13,3,2,3,269,27,10.2,11603,441,22.6,27,11,7,4,3,1.03,0.42,0.15,0.27,11.6,11954,10390,899,665,455,24.1,0.23,54.5,0,1,0,0,0,922,30,401,0,0,6045,6045,2933,0,4820,0,10,87,8136,77,6,24,1
Keria,11,2,0,8,28,0,1.1,7150,272,13.9,72,45,7,13,13,2.74,1.71,0.49,0.27,30.9,4348,582,2984,782,165,8.8,0.38,90.9,0,0,0,0,0,263,-3,278,0,0,667,667,708,0,4882,1171,19,98,6885,0,15,28,1
Zeus,14,2,1,4,218,8,9.7,10297,458,23.0,30,11,1,3,3,1.33,0.49,0.13,0.04,16.0,13770,10301,3409,60,612,24.5,0.27,42.9,0,1,0,0,0,97,5,260,0,0,5768,5768,4872,0,10957,0,16,336,14720,41,4,19,1
Oner,12,6,0,7,141,120,6.3,9204,409,20.6,49,18,8,4,4,2.18,0.8,0.18,0.36,26.2,10910,9680,720,510,485,19.4,0.58,92.9,1,1,0,0,0,946,2,740,1,0,2029,2029,14924,0,13391,0,84,424,22790,0,6,20,1
Faker,14,3,1,10,210,0,9.3,10036,446,22.5,35,11,10,4,3,1.56,0.49,0.18,0.44,18.7,17109,43,17066,0,760,30.4,0.58,92.9,0,0,0,0,0,1351,28,1308,1,0,6011,6011,2015,0,6714,0,12,159,12660,32,4,15,1
Gumayusi,12,3,2,4,207,0,9.2,9474,421,21.2,29,11,7,3,3,1.29,0.49,0.13,0.31,15.5,11199,7850,2486,863,498,19.9,0.31,50.0,0,0,1,0,0,-184,19,1051,1,0,5154,5154,865,0,4781,0,0,0,9775,66,6,19,1
Keria,10,0,0,10,8,0,0.4,5685,253,12.7,44,26,5,8,7,1.96,1.16,0.36,0.22,23.5,3259,736,2523,0,145,5.8,0.44,71.4,0,0,0,0,0,264,1,80,0,0,1216,1216,7769,5872,2072,1627,16,139,5274,0,11,22,1
Zeus,17,2,1,7,246,12,6.9,12678,357,18.6,60,12,9,9,7,1.69,0.34,0.25,0.25,15.1,16277,12392,2633,1252,458,15.3,0.25,40.9,1,0,0,0,0,907,17,28,0,0,3182,3182,3164,0,43057,220,39,581,18118,0,10,26,1
Oner,16,6,4,5,193,152,5.4,12831,361,18.8,81,25,19,11,11,2.28,0.7,0.31,0.53,20.4,15125,11110,3033,982,426,14.2,0.31,50.0,1,1,0,0,0,727,7,363,0,0,275,275,17370,0,54579,683,20,409,31604,121,14,31,1
Faker,17,3,2,11,269,8,7.6,15005,422,22.0,59,10,14,7,7,1.66,0.28,0.2,0.39,14.9,31065,2407,20116,8542,874,29.1,0.39,63.6,1,0,0,0,0,1259,16,162,0,0,4867,4867,4280,0,18879,0,28,90,17816,99,9,26,1
Gumayusi,17,9,2,9,357,36,10,18011,507,26.4,86,16,18,5,5,2.42,0.45,0.14,0.51,21.7,34963,23420,9848,1695,984,32.8,0.51,81.8,0,0,1,0,0,1817,39,1429,2,0,4582,4582,3153,0,16772,0,0,68,13637,49,10,28,1
Keria,14,2,0,17,18,0,0.5,9731,274,14.3,111,57,13,20,17,3.12,1.6,0.56,0.37,28.0,9214,1291,7498,425,259,8.6,0.53,86.4,0,0,0,0,0,1015,-16,615,0,0,1487,1487,12464,10168,6891,2977,26,240,6187,0,26,42,1
Zeus,18,4,3,3,293,12,7.2,14233,350,20.8,60,12,15,8,7,1.48,0.3,0.2,0.37,14.3,16726,12844,3882,0,412,17.1,0.17,43.8,0,0,1,0,0,68,10,242,0,0,0,0,10294,0,38234,0,22,51,35796,169,10,26,0
Oner,16,4,4,6,223,183,5.5,13507,332,19.8,97,27,24,14,12,2.39,0.66,0.34,0.59,23.1,8797,6514,1714,569,216,9.0,0.25,62.5,0,0,0,0,0,137,-3,-59,0,0,443,443,23209,0,51606,667,15,583,40178,112,15,33,0
Faker,17,3,4,8,294,8,7.2,13785,339,20.2,50,10,10,6,5,1.23,0.25,0.15,0.25,11.9,36271,126,36145,0,893,37.2,0.27,68.8,1,0,0,0,0,179,4,260,0,0,2860,2860,1030,0,16912,0,24,319,22893,158,6,22,0
Gumayusi,17,5,3,6,404,40,9.9,17927,441,26.2,70,17,16,6,6,1.72,0.42,0.15,0.39,16.7,26259,19121,6085,1053,646,26.9,0.27,68.8,0,0,0,0,0,790,-6,195,1,0,5073,5073,6139,0,15320,0,3,123,22403,91,11,31,0
Keria,14,0,4,13,23,4,0.6,8880,219,13.0,143,77,12,17,23,3.52,1.9,0.42,0.3,34.0,9529,1607,7922,0,235,9.8,0.32,81.3,0,0,0,0,0,522,5,47,0,0,836,836,15711,8720,13297,7085,12,29,19754,110,30,46,0
Zeus,15,4,3,5,264,48,8.6,13765,447,24.6,47,20,7,8,8,1.53,0.65,0.26,0.23,16.8,27198,24734,2236,228,884,36.6,0.29,90.0,1,0,0,0,0,2619,62,1172,1,0,9271,9271,7300,0,14745,0,7,182,18022,94,9,25,1
Oner,14,4,2,5,157,128,5.1,11177,363,20.0,60,20,9,10,9,1.95,0.65,0.33,0.29,21.4,11845,9451,1993,401,385,15.9,0.29,90.0,0,1,0,0,0,-304,2,-107,-1,0,2351,2351,17197,0,29201,399,17,478,26245,39,11,24,1
Faker,16,0,2,7,240,9,7.8,10777,350,19.3,38,13,10,8,8,1.24,0.42,0.26,0.33,13.6,13008,561,12447,0,423,17.5,0.23,70.0,0,0,0,0,0,552,18,896,1,0,1559,1559,15437,0,21618,0,28,415,26080,85,10,22,1
Gumayusi,15,2,2,2,276,30,9,11568,376,20.7,33,10,7,5,5,1.07,0.33,0.16,0.23,11.8,11558,280,9547,1731,376,15.5,0.13,40.0,0,0,0,0,0,-669,15,383,1,0,6551,6551,11934,0,25102,0,46,871,28276,67,7,20,1
Keria,11,0,1,7,28,0,0.9,8612,280,15.4,102,49,15,12,12,3.32,1.59,0.39,0.49,36.4,10735,10284,451,0,349,14.4,0.23,70.0,0,0,0,0,0,655,3,-358,0,0,5988,5988,7524,3545,6235,1425,28,175,11733,32,15,40,1
Zeus,16,3,0,1,275,25,11.3,12154,497,23.6,23,11,3,4,4,0.94,0.45,0.16,0.12,11.9,13547,10832,2715,0,554,19.2,0.16,28.6,1,1,0,0,0,-516,-8,-98,0,0,7517,7517,5151,0,13458,0,21,436,13125,0,5,23,1
Oner,13,3,0,10,143,120,5.9,9502,389,18.4,54,11,13,9,9,2.21,0.45,0.37,0.53,27.8,8474,7623,375,476,347,12.0,0.53,92.9,0,1,0,0,0,756,-4,103,0,0,722,722,11315,1393,28746,0,17,194,18874,0,10,24,1
Faker,15,3,1,7,226,2,9.2,11287,462,21.9,32,14,5,5,5,1.31,0.57,0.2,0.2,16.5,26630,652,25938,40,1090,37.7,0.41,71.4,0,0,0,0,0,1237,26,1017,1,0,8467,8467,486,0,5398,0,15,218,8491,12,7,22,1
Gumayusi,13,4,0,7,236,3,9.7,11633,476,22.5,35,12,11,4,4,1.43,0.49,0.16,0.45,18.0,16125,11809,3914,402,660,22.8,0.45,78.6,0,1,0,0,0,984,16,26,0,0,5830,5830,321,0,3916,0,0,0,6976,0,7,20,1
Keria,11,1,0,11,8,0,0.3,7014,287,13.6,50,38,4,12,11,2.05,1.56,0.49,0.16,25.8,5845,1211,4634,0,239,8.3,0.49,85.7,0,0,0,0,0,394,-4,-78,0,0,1774,1774,5865,4258,2513,1461,17,129,5230,0,15,31,1
Zeus,17,4,2,6,201,4,6,12134,362,19.5,33,10,3,8,7,0.98,0.3,0.24,0.09,11.6,18424,10110,6874,1440,549,22.5,0.3,66.7,0,0,0,0,0,-1303,-35,-30,0,0,5357,5357,9007,769,37936,0,31,279,26499,41,11,34,1
Oner,16,4,0,6,206,172,6.1,13084,390,21.0,51,11,10,10,9,1.52,0.33,0.3,0.3,17.9,15447,12926,1125,1396,460,18.8,0.3,66.7,0,0,0,0,0,952,26,693,1,0,4300,4300,20657,0,22392,0,13,200,26831,0,11,29,1
Faker,16,4,4,6,239,20,7.1,12295,366,19.8,46,13,8,3,3,1.37,0.39,0.09,0.24,16.1,24869,230,23398,1241,741,30.3,0.3,66.7,1,0,0,0,0,237,3,413,1,0,4501,4501,5459,0,15451,0,18,238,23776,112,5,23,1
Gumayusi,16,2,1,7,337,27,10,15848,472,25.5,63,17,18,7,7,1.88,0.51,0.21,0.54,22.1,18138,13372,4766,0,541,22.1,0.27,60.0,0,0,0,0,0,1178,16,209,0,0,11340,11340,7388,0,11128,0,24,309,12898,36,10,28,1
Keria,12,1,2,7,16,4,0.5,8865,264,14.2,92,63,8,21,18,2.74,1.88,0.63,0.24,32.3,5115,954,2570,1591,152,6.2,0.24,53.3,0,0,0,0,0,-180,3,251,0,0,2560,2560,3853,0,10969,4238,13,173,13740,68,24,39,1
Zeus,15,4,1,3,227,15,10.4,10920,501,24.7,29,13,0,5,5,1.33,0.6,0.23,0,18.7,19514,15983,2839,692,894,38.0,0.32,58.3,4,0,0,0,0,1103,26,485,0,0,4610,4610,5947,0,12514,0,19,414,15889,0,9,24,1
Oner,12,2,2,4,120,111,5.5,7834,359,17.7,34,7,6,5,5,1.56,0.32,0.23,0.28,21.9,6255,5152,809,294,287,12.2,0.28,50.0,2,0,0,0,0,-11,-15,21,0,0,1236,1236,9449,0,13498,0,9,139,17292,12,6,18,1
Faker,14,1,0,3,190,4,8.7,8805,404,19.9,27,6,6,2,2,1.24,0.28,0.09,0.28,17.4,8646,767,7579,300,396,16.8,0.18,33.3,0,0,0,0,0,193,-1,-16,0,0,1057,1057,10901,0,14350,0,21,329,17903,0,4,18,1
Gumayusi,13,4,0,2,213,0,9.8,10647,488,24.1,16,10,4,4,4,0.73,0.46,0.18,0.18,10.3,13449,13178,271,0,616,26.2,0.28,50.0,0,1,0,0,0,1036,9,558,0,0,12519,12519,546,0,9707,0,3,53,813,0,6,17,1
Keria,10,1,1,5,29,0,1.3,5936,272,13.4,49,26,9,10,8,2.25,1.19,0.46,0.41,31.6,3506,300,2502,704,161,6.8,0.28,50.0,0,0,0,0,0,-15,-2,612,1,0,550,550,1029,206,3054,776,14,52,5586,0,12,23,1
Zeus,18,3,2,4,297,24,10.2,14345,494,22.6,33,10,3,5,5,1.14,0.34,0.17,0.1,10.7,19141,10874,2237,6030,659,22.1,0.24,30.4,1,1,0,0,0,-240,-5,-433,0,0,12364,12364,13227,1779,28595,0,9,176,26981,86,6,23,1
Oner,15,3,1,11,159,127,5.5,11252,387,17.7,89,28,18,6,6,3.06,0.96,0.21,0.62,29.0,10495,599,9434,462,361,12.1,0.48,60.9,0,0,0,0,0,414,6,-70,0,0,3411,3411,11565,0,15062,0,11,206,19538,39,7,23,1
Faker,17,3,2,9,202,9,6.9,11484,395,18.1,27,6,8,3,3,0.93,0.21,0.1,0.28,8.8,19256,1042,17926,288,662,22.3,0.41,52.2,1,0,0,0,0,-90,1,713,1,0,1341,1341,13763,0,28684,0,35,465,26735,96,5,23,1
Gumayusi,16,11,2,8,278,19,9.6,16556,570,26.0,45,15,8,5,5,1.55,0.52,0.17,0.28,14.7,27863,23840,4023,0,959,32.2,0.65,82.6,0,3,0,0,0,2552,25,1241,2,0,7359,7359,4013,781,6799,0,28,347,9724,35,8,28,1
Keria,12,3,3,10,27,0,0.9,9946,342,15.6,113,57,13,12,12,3.89,1.96,0.41,0.45,36.8,9744,7671,1395,678,335,11.3,0.45,56.5,0,0,0,0,0,1659,11,-72,0,0,1960,1960,1923,0,7351,0,2,34,12197,56,18,39,1
Zeus,13,2,2,2,204,37,9.4,9356,432,20.3,18,10,2,1,1,0.83,0.46,0.05,0.09,11.4,10462,8807,1261,394,483,28.6,0.18,33.3,0,0,0,0,0,-45,-15,-856,-1,0,1957,1957,3829,0,7149,0,6,156,10554,40,2,18,1
Oner,13,3,0,3,140,121,6.5,8468,391,18.4,31,11,6,4,4,1.43,0.51,0.18,0.28,19.6,5148,3610,1136,402,238,14.1,0.28,50.0,1,0,0,0,0,-160,-8,-23,0,0,1494,1494,12942,0,17532,233,5,367,19039,0,5,17,1
Faker,15,1,0,3,237,0,10.9,9524,440,20.6,27,5,6,3,3,1.25,0.23,0.14,0.28,17.1,6716,346,6370,0,310,18.3,0.18,33.3,1,0,0,0,0,998,22,1943,2,0,2047,2047,9834,0,11785,0,14,348,15436,0,5,17,1
Gumayusi,13,6,0,2,239,15,11,12028,555,26.1,23,9,7,3,3,1.06,0.42,0.14,0.32,14.6,12330,11743,223,364,569,33.7,0.37,66.7,0,1,1,0,0,2311,36,855,1,0,15644,15644,1365,0,10523,0,7,87,3325,0,5,19,1
Keria,10,0,0,8,27,0,1.2,6750,312,14.6,59,35,3,8,8,2.72,1.62,0.37,0.14,37.3,1947,535,998,414,90,5.3,0.37,66.7,0,0,0,0,0,1487,20,333,0,0,1667,1667,0,0,2369,548,10,77,4247,0,11,24,1
Zeus,15,1,1,5,209,4,7.7,9967,367,17.5,29,0,5,7,0,1.07,0,0.26,0.18,14.4,9751,8143,806,802,359,13.0,0.22,33.3,0,0,0,0,0,3,-4,-108,0,0,3929,3929,3611,0,27807,182,23,374,19864,38,10,22,1
Oner,14,5,1,8,163,149,6,10611,391,18.6,35,0,3,8,0,1.29,0,0.29,0.11,17.4,10310,9562,0,748,380,13.7,0.48,72.2,1,0,0,0,0,-70,33,887,1,1,2288,2288,11295,0,29845,0,25,251,22066,21,9,24,1
Faker,16,2,2,10,187,8,6.9,10477,386,18.4,28,0,3,3,0,1.03,0,0.11,0.11,13.9,18675,2177,15729,769,688,24.8,0.44,66.7,0,0,0,0,0,-507,0,351,0,0,2095,2095,2395,0,7904,3600,28,268,11755,59,5,17,1
Gumayusi,15,8,1,7,274,20,10.1,16906,623,29.6,14,0,3,2,0,0.52,0,0.07,0.11,7.0,21306,20757,0,549,785,28.3,0.55,83.3,0,0,0,0,0,2782,16,683,0,0,10445,10445,4187,494,21516,0,7,85,9595,45,6,22,1
Keria,11,2,4,8,37,4,1.4,9094,335,15.9,95,0,10,14,0,3.5,0,0.52,0.37,47.3,15123,12564,2192,367,557,20.1,0.37,55.6,0,0,0,0,0,1418,4,672,1,0,3507,3507,56,0,5375,0,25,177,9575,85,17,34,1
Zeus,15,4,0,3,243,34,10.2,11652,488,23.5,37,0,3,6,0,1.55,0,0.25,0.13,19.2,9901,7910,1664,327,415,22.6,0.29,53.8,1,0,0,0,0,1133,19,428,0,0,4456,4456,4524,0,13105,0,13,421,15010,0,8,24,1
Oner,12,2,1,4,135,117,5.7,8929,374,18.0,45,0,12,5,0,1.88,0,0.21,0.5,23.3,5229,4805,134,290,219,12.0,0.25,46.2,0,0,0,0,0,1321,16,973,1,0,723,723,9504,0,22761,0,11,254,17700,30,6,20,1
Faker,15,1,0,6,178,0,7.5,9677,405,19.5,18,0,4,2,0,0.75,0,0.08,0.17,9.3,11094,820,9784,490,465,25.4,0.29,53.8,0,0,0,0,0,335,5,-47,0,0,3416,3416,3207,0,10508,1075,9,222,9611,0,4,17,1
Gumayusi,13,3,1,5,227,8,9.5,11620,487,23.5,39,0,9,4,0,1.63,0,0.17,0.38,20.2,12360,7762,3544,1054,518,28.3,0.33,61.5,0,0,0,0,0,1650,36,835,1,0,8261,8261,727,0,4619,0,0,23,8307,0,8,20,1
Keria,11,3,0,6,7,0,0.3,7672,321,15.5,54,0,6,9,0,2.26,0,0.38,0.25,28.0,5160,952,4208,0,216,11.8,0.38,69.2,0,1,0,0,0,973,-11,751,1,0,2937,2937,7499,4839,3590,1296,22,156,6946,0,12,25,1
Zeus,17,7,1,4,322,56,11.6,15255,550,25.3,35,0,8,6,0,1.26,0,0.22,0.29,14.2,15676,14249,864,563,565,20.4,0.4,45.8,0,2,0,0,0,1668,46,738,1,0,5765,5765,7877,0,25189,0,23,239,16556,30,7,28,1
Oner,15,8,3,11,162,134,5.8,12509,451,20.8,47,0,10,9,0,1.69,0,0.32,0.36,19.0,14627,11051,2526,1050,527,19.0,0.68,79.2,0,2,0,0,0,93,-6,-333,-1,0,1736,1736,19753,0,29971,692,16,471,32997,90,10,27,1
Faker,16,1,2,14,212,8,7.6,10997,396,18.3,23,0,7,6,0,0.83,0,0.22,0.25,9.3,21237,1269,19463,505,765,27.6,0.54,62.5,0,0,0,0,0,699,23,685,1,0,2427,2427,12322,0,22676,0,36,414,25048,77,8,23,1
Gumayusi,15,7,3,7,225,4,8.1,12622,455,21.0,26,0,13,7,0,0.94,0,0.25,0.47,10.5,14511,14467,0,44,523,18.8,0.5,58.3,1,2,0,0,0,-1287,-35,-1009,-1,0,6802,6802,5773,1124,5002,0,19,157,10541,41,11,30,1
Keria,12,1,3,11,42,0,1.5,8840,319,14.7,116,0,23,9,0,4.18,0,0.32,0.83,47.0,10931,10397,329,205,394,14.2,0.43,50.0,0,0,0,0,0,329,9,157,0,0,4764,4764,2083,0,5082,0,18,61,9336,44,11,25,1
Zeus,17,2,1,6,288,32,9.4,13946,455,23.5,41,0,12,4,0,1.34,0,0.13,0.39,15.5,13132,11582,1550,0,428,19.3,0.26,53.3,2,0,0,0,0,616,10,636,1,0,9235,9235,5137,0,17829,0,23,393,20293,0,5,25,1
Oner,14,5,4,3,164,141,5.3,11435,373,19.3,64,0,13,11,0,2.09,0,0.36,0.42,24.2,6819,5881,804,134,222,10.0,0.26,53.3,0,0,0,0,0,269,0,12,0,0,2219,2219,12355,0,27187,0,13,115,28002,93,13,30,1
Faker,17,3,2,5,255,12,8.3,11660,380,19.7,38,0,11,7,0,1.24,0,0.23,0.36,14.3,20950,1087,19791,72,683,30.9,0.26,53.3,0,1,0,0,0,-395,-6,-552,0,0,1297,1297,13085,0,22127,0,38,427,25368,69,9,25,1
Gumayusi,15,3,2,7,312,16,10.2,14150,461,23.9,48,0,15,6,0,1.56,0,0.2,0.49,18.1,20452,13100,6299,1053,667,30.1,0.33,66.7,0,1,0,0,0,-177,0,-199,0,0,8177,8177,303,0,5623,0,2,66,10567,46,10,28,1
Keria,13,2,1,11,7,0,0.2,8036,262,13.6,74,0,3,18,0,2.41,0,0.59,0.1,27.9,6537,1098,5439,0,213,9.6,0.42,86.7,0,0,0,0,0,-330,-1,-399,-1,0,1936,1936,8841,7264,4231,2158,23,186,8194,0,20,35,1
Zeus,18,1,2,5,390,33,8.9,17311,394,22.6,73,0,20,6,0,1.66,0,0.14,0.45,15.6,23390,19171,3759,460,532,22.8,0.14,42.9,1,0,0,0,0,-152,27,825,1,0,6714,6714,7664,0,40618,0,32,770,32949,75,8,36,1
Oner,16,4,2,6,200,164,4.5,13214,300,17.3,84,0,22,12,0,1.91,0,0.27,0.5,18.0,15384,13215,1414,755,350,15.0,0.23,71.4,0,0,0,0,0,194,4,51,0,0,3029,3029,18464,0,38693,0,11,143,36593,90,13,32,1
Faker,18,3,4,9,277,8,6.3,16413,373,21.5,34,0,10,12,0,0.77,0,0.27,0.23,7.3,24892,1292,22505,1095,566,24.3,0.27,85.7,0,1,0,0,0,-454,-13,-1015,-1,0,2208,2208,6054,0,33082,5706,30,502,24725,172,14,33,1
Gumayusi,17,3,3,6,345,20,7.8,16742,381,21.9,47,0,14,14,0,1.07,0,0.32,0.32,10.1,25398,21399,3999,0,577,24.8,0.2,64.3,0,1,0,0,0,25,16,535,0,0,2491,2491,4803,961,10325,0,26,510,15365,46,20,39,1
Keria,15,3,0,8,92,5,2.1,12776,290,16.7,229,0,38,20,0,5.21,0,0.45,0.86,49.0,13412,11643,1027,742,305,13.1,0.25,78.6,0,0,0,0,0,751,4,-640,-1,0,3296,3296,2096,0,6176,0,43,199,11751,0,34,48,1
Zeus,15,4,2,8,235,28,8.5,11455,414,20.0,24,0,3,4,0,0.87,0,0.14,0.11,8.5,24239,20579,3213,447,876,25.0,0.43,60.0,0,1,0,0,0,408,14,202,0,0,4422,4422,8274,0,15170,0,11,179,21126,74,7,24,1
Oner,14,4,4,8,149,130,5.4,10862,392,18.9,56,0,11,9,0,2.02,0,0.33,0.4,19.8,18312,944,15837,1531,661,18.9,0.43,60.0,0,0,0,0,0,484,8,660,1,0,1565,1565,9866,0,11882,0,20,166,22864,109,10,23,1
Faker,16,4,2,3,224,4,8.1,11411,412,19.9,29,0,7,2,0,1.05,0,0.07,0.25,10.2,12308,1145,10977,186,445,12.7,0.25,35.0,1,0,0,0,0,-830,-40,-1299,-1,0,1863,1863,6906,220,17393,0,15,182,23334,45,3,17,1
Gumayusi,15,7,2,9,263,20,9.5,14422,521,25.1,32,0,5,7,0,1.16,0,0.25,0.18,11.3,28084,23079,4809,196,1014,29.0,0.58,80.0,1,2,0,0,0,2117,37,640,0,0,5234,5234,3829,810,7659,0,27,292,12662,73,10,27,1
Keria,12,1,1,14,45,0,1.6,9250,334,16.1,142,0,24,12,0,5.13,0,0.43,0.87,50.2,13967,11237,1792,938,505,14.4,0.54,75.0,0,0,0,0,0,1291,-5,474,0,0,3397,3397,3603,0,4208,0,6,46,11605,0,14,29,1
Zeus,18,4,6,2,322,12,8.4,14711,382,21.2,30,0,3,7,0,0.78,0,0.18,0.08,9.5,16976,12167,4809,0,441,18.7,0.16,40.0,0,0,0,0,0,973,14,-125,0,0,2821,2821,8896,0,30447,0,10,59,28613,200,8,29,0
Oner,15,2,6,10,177,148,4.6,12010,312,17.3,87,0,21,15,0,2.26,0,0.39,0.55,27.6,10989,5617,4809,563,285,12.1,0.31,80.0,0,0,0,0,0,549,26,795,1,1,0,0,13000,582,59293,0,21,324,34334,207,17,38,0
Faker,18,2,6,5,305,20,7.9,15083,392,21.8,35,0,2,6,0,0.91,0,0.16,0.05,11.1,32669,1315,30269,1085,849,35.9,0.18,46.7,0,0,0,0,0,-57,-26,-923,0,0,2268,2268,4177,0,32743,0,31,493,26922,221,8,29,0
Gumayusi,18,6,4,4,378,32,9.8,18331,476,26.5,47,0,14,8,0,1.22,0,0.21,0.36,14.9,22457,14329,8068,60,583,24.7,0.26,66.7,0,1,0,0,0,88,11,902,1,0,1391,1391,3465,0,21666,0,31,403,16156,117,12,33,0
Keria,14,1,4,11,36,0,0.9,9116,237,13.2,116,0,15,30,0,3.01,0,0.78,0.39,36.8,7845,2576,4136,1133,204,8.6,0.31,80.0,0,0,0,0,0,-428,4,-329,0,0,0,0,136,0,19813,478,75,311,12931,149,33,49,0
Zeus,18,3,0,5,325,20,9.6,16064,472,23.9,50,0,5,8,0,1.47,0,0.24,0.15,14.4,9903,4683,5220,0,291,17.3,0.24,53.3,0,0,0,0,0,188,7,-340,0,0,18136,18136,5333,0,19100,0,9,113,21736,0,9,31,1
Oner,16,3,2,8,227,188,6.7,13080,385,19.4,86,0,21,10,0,2.53,0,0.29,0.62,24.7,9940,7226,2252,462,292,17.4,0.32,73.3,0,0,0,0,0,-335,14,58,0,1,1442,1442,17859,0,32834,219,11,574,26386,65,11,27,1
Faker,17,5,3,3,262,4,7.7,13224,389,19.6,40,0,10,7,0,1.18,0,0.21,0.29,11.5,16109,723,15386,0,474,28.2,0.24,53.3,1,1,0,0,0,-277,-10,-404,-1,0,2212,2212,4425,0,16437,0,1,86,23563,33,8,25,1
Gumayusi,17,2,1,3,382,42,11.2,15532,457,23.1,48,0,18,7,0,1.41,0,0.21,0.53,13.8,13163,9628,3527,8,387,23.0,0.15,33.3,0,0,0,0,0,-186,-10,-169,-1,0,8232,8232,4420,108,17583,0,3,135,10981,32,11,32,1
Keria,14,2,1,11,36,0,1.1,9415,277,14.0,124,0,26,23,0,3.65,0,0.68,0.76,35.6,8108,511,6606,991,238,14.2,0.38,86.7,0,0,0,0,0,-954,4,-29,0,0,994,994,636,0,5901,7207,17,78,8435,12,26,40,1
Zeus,16,7,0,7,244,8,9.5,12960,502,22.5,25,0,2,8,0,0.97,0,0.31,0.08,11.2,13429,8611,4818,0,520,20.6,0.54,51.9,0,0,0,0,0,1575,13,865,1,0,4088,4088,2882,0,39865,0,30,541,18105,0,9,29,1
Oner,14,4,0,16,147,108,5.7,11110,430,19.3,43,0,9,8,0,1.67,0,0.31,0.35,19.2,13950,6693,6652,605,540,21.4,0.77,74.1,0,1,0,0,0,1035,-8,1191,1,0,2147,2147,14424,524,41419,0,24,318,33764,0,9,25,1
Faker,16,7,2,4,227,20,8.8,12105,469,21.0,39,0,6,7,0,1.51,0,0.27,0.23,17.4,16789,2167,13927,695,650,25.8,0.43,40.7,3,2,0,0,0,766,4,234,1,0,3816,3816,533,0,11351,0,2,94,13358,96,7,25,1
Gumayusi,15,6,1,8,247,16,9.6,12619,489,21.9,43,0,9,4,0,1.67,0,0.15,0.35,19.2,9487,8473,1014,0,367,14.6,0.54,51.9,0,1,0,0,0,1274,24,704,1,0,10965,10965,2309,314,9932,0,1,42,7006,32,6,23,1
Keria,12,3,1,15,29,0,1.1,8759,339,15.2,74,0,12,13,0,2.87,0,0.5,0.46,33.0,11531,927,9738,866,447,17.7,0.7,66.7,0,0,0,0,0,624,-5,638,1,0,2061,2061,284,0,5174,3416,43,362,6658,0,15,32,1
Zeus,14,0,4,0,253,10,9.5,9154,344,21.8,23,0,0,7,0,0.87,0,0.26,0,12.8,6944,6527,417,0,261,18.3,0,0.0,0,0,0,0,0,667,25,200,0,0,240,240,1595,0,12891,0,12,127,11898,122,8,22,0
Oner,12,1,3,1,144,115,5.4,7694,289,18.3,49,0,9,9,0,1.84,0,0.34,0.34,27.2,3334,3133,0,201,125,8.8,0.08,66.7,0,0,0,0,0,-364,-24,-667,-1,0,240,240,7022,0,19855,0,12,234,19187,98,10,23,0
Faker,14,1,3,0,240,8,9,9694,365,23.1,26,0,4,5,0,0.98,0,0.19,0.15,14.4,13789,425,13364,0,519,36.3,0.04,33.3,0,0,0,0,0,-86,-8,-557,0,0,3887,3887,1431,0,8413,0,7,218,14449,74,7,23,0
Gumayusi,13,1,4,2,268,25,10.1,10063,379,24.0,27,0,10,4,0,1.02,0,0.15,0.38,15.0,10640,5628,4636,376,400,28.0,0.11,100.0,0,0,0,0,0,-116,9,-366,0,0,99,99,2087,0,15441,0,3,87,14882,122,6,26,0
Keria,10,0,4,2,14,0,0.5,5334,201,12.7,55,0,7,12,0,2.07,0,0.45,0.26,30.6,3289,783,2506,0,124,8.7,0.08,66.7,0,0,0,0,0,-1007,3,-546,0,0,0,0,425,321,3538,3070,19,253,8285,92,15,26,0
Zeus,14,3,1,4,173,8,7,8917,361,17.4,26,10,4,9,8,1.05,0.4,0.36,0.16,13.0,14293,7552,6740,1,578,18.1,0.28,36.8,0,0,0,0,0,-13,-12,166,1,0,429,429,3270,0,37934,0,30,468,22243,45,10,32,1
Oner,13,4,0,7,130,110,5.3,9671,391,18.9,43,17,6,5,4,1.74,0.69,0.2,0.24,21.5,16855,731,15366,758,681,21.3,0.44,57.9,0,0,0,0,0,754,-8,64,0,0,3425,3425,7357,1851,9975,0,3,101,18780,0,6,17,1
Faker,15,5,1,5,206,12,8.3,10642,430,20.8,29,11,4,4,4,1.17,0.44,0.16,0.16,14.5,19493,652,18841,0,788,24.6,0.4,52.6,0,0,0,0,0,731,2,-166,0,0,6659,6659,1560,0,10666,0,11,207,14373,0,6,19,1
Gumayusi,14,5,3,7,236,16,9.5,12603,510,24.7,17,14,3,7,7,0.69,0.57,0.28,0.12,8.5,16096,13686,2410,0,651,20.3,0.49,63.2,1,0,0,0,0,2033,40,615,1,0,6398,6398,1341,173,4559,0,22,304,8516,48,11,26,1
Keria,12,2,2,11,46,0,1.9,9275,375,18.1,85,53,23,11,10,3.44,2.14,0.44,0.93,42.5,12413,12235,178,0,502,15.7,0.53,68.4,1,0,0,0,0,947,-3,286,1,0,7439,7439,672,0,5050,0,7,29,7655,16,13,28,1
Zeus,18,5,1,2,311,12,9,15529,447,24.4,43,15,8,11,11,1.24,0.43,0.32,0.23,12.9,23812,15364,2390,6058,686,31.5,0.2,63.6,1,1,0,0,0,1050,12,1307,1,0,13565,13565,10217,2007,29468,0,6,91,33367,53,12,32,1
Oner,15,3,1,5,162,135,4.7,11370,327,17.9,82,14,16,12,12,2.36,0.4,0.35,0.46,24.6,8539,4894,3371,274,246,11.3,0.23,72.7,0,0,0,0,0,278,6,593,1,0,761,761,3152,1696,40069,0,22,287,24226,16,14,30,1
Faker,17,2,3,4,290,8,8.3,13543,390,21.3,43,19,4,8,8,1.24,0.55,0.23,0.12,12.9,21058,1893,19165,0,606,27.9,0.17,54.5,0,0,0,0,0,-270,-4,281,1,0,5961,5961,2077,0,17847,0,13,364,16713,143,10,28,1
Gumayusi,16,1,2,5,339,20,9.8,14708,423,23.1,52,13,15,6,6,1.5,0.37,0.17,0.43,15.6,12293,11320,740,233,354,16.3,0.17,54.5,0,0,0,0,0,671,22,144,0,0,11888,11888,1250,342,19149,0,15,95,9593,46,9,27,1
Keria,12,0,1,6,33,4,1,8522,245,13.4,114,63,22,19,19,3.28,1.81,0.55,0.63,34.1,9818,702,8026,1090,283,13.0,0.17,54.5,0,0,0,0,0,-304,-9,-1237,-2,0,1364,1364,1240,0,6834,2820,31,219,10185,16,21,40,1
Zeus,17,1,1,7,259,17,8.1,11577,360,18.3,37,13,5,10,10,1.15,0.4,0.31,0.16,12.5,16675,995,15535,145,519,22.9,0.25,44.4,0,0,0,0,0,155,-4,45,0,0,1313,1313,12196,0,17848,0,41,436,22308,42,13,28,1
Oner,15,1,2,11,175,150,5.4,10728,334,16.9,75,15,19,14,13,2.33,0.47,0.44,0.59,25.4,5491,4670,371,450,171,7.6,0.37,66.7,0,0,0,0,0,-559,-3,128,0,0,1701,1701,2503,1481,30515,0,14,287,19327,70,15,32,1
Faker,17,2,3,9,279,8,8.7,13827,430,21.8,42,20,5,8,8,1.31,0.62,0.25,0.16,14.2,21817,485,20538,794,679,30.0,0.34,61.1,0,0,0,0,0,424,0,-277,0,0,10088,10088,555,0,10352,0,10,258,15692,87,10,26,1
Gumayusi,17,12,2,4,375,50,11.7,18166,565,28.7,51,17,20,6,6,1.59,0.53,0.19,0.62,17.3,21984,12460,9293,231,684,30.2,0.5,88.9,0,1,0,0,1,371,-10,-207,0,0,13520,13520,762,0,14694,0,4,115,13444,24,7,27,1
Keria,14,2,1,16,10,0,0.3,9099,283,14.4,90,56,9,17,17,2.8,1.74,0.53,0.28,30.5,6726,887,5797,42,209,9.3,0.56,100.0,0,0,0,0,0,-718,0,45,0,0,2048,2048,7771,5540,3524,1283,22,196,7744,14,19,37,1
Zeus,18,5,2,3,322,27,9.8,15716,477,24.2,53,16,5,6,6,1.61,0.49,0.18,0.15,15.5,28299,21424,4844,2031,859,32.0,0.24,66.7,0,1,0,0,0,432,6,230,0,0,11775,11775,10271,0,30528,0,35,487,31055,107,8,23,1
Oner,16,1,2,9,172,146,5.2,11322,344,17.4,64,13,16,12,11,1.94,0.39,0.36,0.49,18.7,11148,5649,4616,883,338,12.6,0.3,83.3,0,0,0,0,0,-222,-26,-1126,-1,1,487,487,7264,2443,40293,0,18,310,34439,71,13,32,1
Faker,17,2,3,4,282,25,8.6,12734,386,19.6,28,17,2,7,6,0.85,0.52,0.21,0.06,8.2,20385,137,19677,571,619,23.0,0.18,50.0,0,0,0,0,0,-437,-18,-1185,-1,0,2810,2810,709,0,15537,0,14,220,12473,68,7,24,1
Gumayusi,18,2,1,6,404,32,12.3,16133,490,24.8,67,16,14,10,9,2.03,0.49,0.3,0.42,19.5,19687,17351,368,1968,597,22.2,0.24,66.7,0,0,0,0,0,408,37,381,0,0,7068,7068,2232,375,5491,0,2,51,9701,35,12,31,1
Keria,13,2,1,5,32,0,1,9072,275,14.0,131,80,19,16,15,3.98,2.43,0.49,0.58,38.2,9046,5773,2490,783,275,10.2,0.21,58.3,0,0,0,0,0,-44,2,496,0,0,3096,3096,1191,0,3693,0,37,390,7462,16,18,34,1
Zeus,15,4,3,3,252,24,8.9,12075,426,20.9,42,17,5,7,7,1.48,0.6,0.25,0.18,18.3,23447,20365,3082,0,827,31.8,0.25,53.8,1,1,0,0,0,1185,20,297,1,0,5473,5473,2571,0,14129,0,8,226,14093,110,7,25,1
Oner,13,2,1,8,144,122,5.1,9870,348,17.1,57,12,12,10,10,2.01,0.42,0.35,0.42,24.9,5254,4576,324,354,185,7.1,0.35,76.9,0,0,0,0,0,2,0,54,0,0,1264,1264,1415,529,27476,0,17,206,17038,21,11,30,1
Faker,17,3,0,4,292,16,10.3,12936,456,22.4,20,9,5,0,0,0.71,0.32,0,0.18,8.7,23466,1227,22239,0,828,31.8,0.25,53.8,0,1,0,0,0,1201,21,1284,1,0,9271,9271,732,0,6058,0,8,233,7290,0,2,16,1
Gumayusi,15,3,0,4,312,24,11,14714,519,25.5,38,12,10,4,3,1.34,0.42,0.14,0.35,16.6,16194,10665,4285,1244,571,21.9,0.25,53.8,0,0,0,0,0,1619,27,982,1,0,7035,7035,1510,0,8143,0,2,73,11514,0,6,24,1
Keria,12,1,0,10,11,0,0.4,8121,286,14.1,72,43,8,16,16,2.54,1.52,0.56,0.28,31.4,5481,859,4510,112,193,7.4,0.39,84.6,0,0,0,0,0,524,6,82,0,0,1997,1997,7782,5918,3714,1278,23,212,6230,0,18,32,1
Zeus,16,0,4,2,290,33,8.6,11836,353,21.7,41,16,4,7,6,1.22,0.48,0.21,0.12,14.1,26037,23937,2100,0,776,27.5,0.06,25.0,0,0,0,0,0,326,14,-286,-1,0,2876,2876,6488,0,15138,0,9,184,18716,144,7,27,0
Oner,13,0,5,5,147,108,4.4,9645,287,17.6,65,11,19,10,9,1.94,0.33,0.3,0.57,22.3,11326,6025,3762,1539,337,12.0,0.15,62.5,0,0,0,0,0,-389,-9,-702,-1,0,0,0,5371,1796,58786,0,28,315,40528,118,11,27,0
Faker,16,2,4,3,250,4,7.4,12000,357,22.0,28,16,5,8,6,0.83,0.48,0.24,0.15,9.6,23031,2350,20681,0,686,24.4,0.15,62.5,0,0,0,0,0,1257,18,145,0,0,4296,4296,2539,0,16383,0,15,267,22165,186,10,26,0
Gumayusi,15,2,3,2,271,16,8.1,12272,366,22.5,33,12,7,6,5,0.98,0.36,0.18,0.21,11.3,22699,15006,7543,150,676,24.0,0.12,50.0,0,0,0,0,0,-927,-11,-657,-1,0,217,217,4220,564,9658,0,3,75,21021,132,7,21,0
Keria,11,4,5,1,26,0,0.8,8903,265,16.3,124,74,15,19,18,3.69,2.2,0.57,0.45,42.6,11444,6038,2015,3391,341,12.1,0.15,62.5,0,0,0,0,0,206,6,-557,-1,0,188,188,752,0,4398,0,7,97,13261,138,21,37,0
Zeus,17,5,2,3,251,0,8.2,13883,453,21.8,46,13,9,12,10,1.5,0.42,0.39,0.29,14.2,12196,9456,2740,0,398,17.3,0.26,50.0,0,1,0,0,0,996,1,583,1,0,5334,5334,9124,0,34646,0,9,31,27172,45,16,34,1
Oner,15,0,1,9,156,124,5.1,11196,365,17.6,70,13,15,11,11,2.29,0.42,0.36,0.49,21.6,6729,2196,3562,971,220,9.5,0.29,56.3,0,0,0,0,0,710,-1,134,0,0,419,419,3806,2243,34202,0,18,309,23825,33,12,32,1
Faker,18,5,1,3,292,19,9.5,13716,448,21.5,40,18,7,7,7,1.31,0.59,0.23,0.23,12.3,26890,1169,25721,0,878,38.0,0.26,50.0,0,0,0,0,0,368,0,-317,0,0,5234,5234,4046,0,17889,0,19,306,14461,0,9,26,1
Gumayusi,17,5,3,4,344,48,11.2,15604,509,24.5,48,15,12,7,7,1.57,0.49,0.23,0.39,14.8,13309,8326,4539,444,434,18.8,0.29,56.3,1,1,0,0,0,-134,5,569,1,0,7346,7346,427,0,14217,0,4,145,9386,93,8,29,1
Keria,13,1,1,12,30,0,1,9305,304,14.6,120,70,18,18,17,3.92,2.29,0.59,0.59,37.0,11558,7810,3304,444,377,16.4,0.42,81.3,0,0,0,0,0,196,-14,-351,0,0,2560,2560,1314,408,3776,0,41,463,7514,16,20,34,1
Zeus,14,1,2,0,220,0,7.9,9354,335,21.4,21,8,2,5,3,0.75,0.29,0.18,0.07,12.4,7717,6255,769,693,276,14.2,0.04,50.0,0,0,0,0,0,-110,-3,-283,0,0,955,955,1395,0,23913,0,17,482,17405,43,6,20,0
Oner,12,0,2,2,125,92,4.5,8416,301,19.3,42,7,9,6,5,1.5,0.25,0.21,0.32,24.9,13163,349,11297,1517,471,24.3,0.07,100.0,0,0,0,0,0,63,-5,-282,0,0,0,0,3089,0,11362,0,26,576,21118,37,7,20,0
Faker,15,0,3,0,258,8,9.2,9892,354,22.7,19,5,7,5,3,0.68,0.18,0.18,0.25,11.2,15215,10594,2790,1831,544,28.1,0,0.0,0,0,0,0,0,-53,-12,-943,-1,0,1068,1068,1704,0,18726,0,15,163,19528,78,6,18,0
Gumayusi,13,1,3,1,257,19,9.2,10061,360,23.1,24,12,11,5,4,0.86,0.43,0.18,0.39,14.2,14413,13845,0,568,516,26.6,0.07,100.0,0,0,0,0,0,20,-14,-621,0,0,474,474,1020,0,6527,0,6,109,13744,56,8,19,0
Keria,11,0,1,2,25,0,0.9,5908,211,13.5,63,39,14,13,11,2.25,1.4,0.47,0.5,37.3,3709,501,3208,0,133,6.8,0.07,100.0,0,0,0,0,0,-25,0,-66,0,0,97,97,13663,10145,3478,795,25,252,7035,0,16,31,0
Zeus,17,1,6,1,299,25,8,13748,366,22.9,52,9,10,6,5,1.39,0.24,0.16,0.27,16.6,16684,13119,2917,648,445,24.4,0.05,66.7,0,0,0,0,0,852,26,210,0,0,4102,4102,10915,0,39654,0,21,98,40372,240,7,30,0
Oner,15,1,5,2,175,152,4.7,11128,297,18.5,70,13,15,12,12,1.87,0.35,0.32,0.4,22.3,6222,5187,338,697,166,9.1,0.08,100.0,0,0,0,0,0,857,8,435,1,0,367,367,2082,1035,41723,0,22,292,29149,158,13,31,0
Faker,18,0,3,2,298,17,7.9,13113,350,21.9,49,20,6,8,7,1.31,0.53,0.21,0.16,15.6,26832,1405,23998,1429,715,39.2,0.05,66.7,0,0,0,0,0,140,-14,-291,0,0,758,758,2964,0,13343,0,53,800,19284,160,10,30,0
Gumayusi,16,0,3,1,348,10,9.3,14270,380,23.8,40,16,10,7,6,1.07,0.43,0.19,0.27,12.7,12511,10877,1572,62,333,18.3,0.03,33.3,0,0,0,0,0,-75,9,354,1,0,726,726,2195,654,11475,0,5,46,17233,96,10,31,0
Keria,13,1,2,1,15,0,0.4,7731,206,12.9,103,67,11,20,19,2.75,1.79,0.53,0.29,32.8,6179,591,4567,1021,165,9.0,0.05,66.7,0,0,0,0,0,317,4,-521,0,0,265,265,6745,5198,5681,1727,15,200,11050,39,22,38,0
Zeus,18,5,3,9,425,81,9.8,21498,496,25.4,73,21,11,5,5,1.68,0.48,0.12,0.25,14.6,35406,30353,5053,0,817,28.9,0.32,77.8,1,1,0,0,0,3439,48,731,1,0,11533,11533,12955,0,31989,0,13,359,28754,130,7,28,1
Oner,17,1,2,12,191,143,4.4,13282,306,15.7,82,19,23,18,18,1.89,0.44,0.42,0.53,16.4,10183,5537,4340,306,235,8.3,0.3,72.2,0,0,0,0,0,-557,-16,-427,-1,0,251,251,10242,6003,86270,0,24,396,52529,55,20,38,1
Faker,18,6,3,7,366,34,8.4,18483,426,21.8,51,9,12,3,3,1.18,0.21,0.07,0.28,10.2,25531,1555,23720,256,589,20.9,0.3,72.2,0,3,0,0,0,-1279,-32,15,0,0,2459,2459,11557,0,44463,0,26,287,41768,152,4,20,1
Gumayusi,18,1,1,11,430,37,9.9,18485,426,21.8,60,18,14,10,8,1.38,0.42,0.23,0.32,12.0,37502,453,37049,0,865,30.6,0.28,66.7,0,0,0,0,0,-164,1,366,0,1,27044,27044,3628,884,11746,0,18,446,20510,61,14,36,1
Keria,15,5,2,10,76,8,1.8,13012,300,15.4,233,136,44,21,31,5.37,3.14,0.48,1.01,46.7,13791,12502,312,977,318,11.3,0.35,83.3,0,0,0,0,0,1642,-12,196,0,0,1285,1285,1571,0,4723,0,42,151,11126,52,35,50,1
Zeus,16,3,0,6,273,20,10,12816,469,24.0,42,16,4,7,7,1.54,0.59,0.26,0.15,15.4,19078,18187,891,0,698,30.3,0.33,64.3,1,1,0,0,0,1242,38,923,1,0,11708,11708,6372,0,8584,0,3,122,10281,0,7,23,1
Oner,13,0,2,7,144,119,5.3,8099,296,15.2,44,7,8,6,6,1.61,0.26,0.22,0.29,16.2,3835,1619,2098,118,140,6.1,0.26,50.0,0,0,0,0,0,-930,-13,-679,0,0,299,299,4396,1375,20188,0,13,273,22412,49,7,18,1
Faker,16,6,1,4,223,14,8.2,11532,422,21.6,37,10,15,5,5,1.35,0.37,0.18,0.55,13.6,22943,1361,21484,98,839,36.5,0.37,71.4,0,0,2,0,0,1414,15,675,1,0,3123,3123,8578,165,21549,0,18,203,24228,41,6,19,1
Gumayusi,14,4,4,7,221,4,8.1,12523,458,23.5,38,13,10,6,5,1.39,0.48,0.22,0.37,14.0,9744,9389,0,355,356,15.5,0.4,78.6,0,1,0,0,0,-505,-15,-204,-1,0,4518,4518,2718,632,8708,0,4,69,13870,58,11,29,1
Keria,12,1,1,12,46,4,1.7,8362,306,15.7,111,63,20,13,13,4.06,2.3,0.48,0.73,40.8,7270,5697,979,594,266,11.6,0.48,92.9,0,0,0,0,0,434,13,457,0,0,3175,3175,1885,0,3202,0,8,61,7925,21,15,26,1
Zeus,18,2,4,7,286,3,8.1,13954,397,20.9,53,20,8,9,9,1.51,0.57,0.26,0.23,17.7,13676,7632,6044,0,389,17.1,0.26,56.3,0,0,0,0,0,-543,-4,-884,-1,0,2760,2760,2444,0,25826,0,13,134,21726,146,10,28,1
Oner,15,2,2,9,177,146,5,11886,338,17.8,67,14,19,12,12,1.91,0.4,0.34,0.54,22.3,5971,5357,145,469,170,7.5,0.31,68.8,1,1,0,0,0,461,20,527,1,1,2445,2445,6278,2313,43785,0,17,244,29029,48,13,31,1
Faker,17,4,3,7,288,31,8.2,14469,412,21.7,47,19,3,9,8,1.34,0.54,0.26,0.09,15.7,28276,711,27565,0,804,35.3,0.31,68.8,0,1,0,0,0,19,7,374,0,0,7850,7850,965,0,11081,0,13,264,15168,131,11,32,1
Gumayusi,16,7,3,6,358,40,10.2,17691,503,26.5,49,15,16,3,3,1.39,0.43,0.09,0.46,16.3,27718,19072,6733,1913,789,34.6,0.37,81.3,0,0,1,0,0,-268,23,436,0,0,5585,5585,211,0,11922,0,2,119,17859,104,8,27,1
Keria,14,1,3,14,10,0,0.3,8650,246,13.0,84,54,6,16,16,2.39,1.54,0.46,0.17,28.0,4456,835,3621,0,127,5.6,0.43,93.8,0,0,0,0,0,346,1,-398,-1,0,1524,1524,11032,8982,6829,2582,13,225,11315,87,18,34,1
Zeus,18,1,2,0,342,20,9.5,13410,373,21.9,45,15,7,12,10,1.25,0.42,0.33,0.19,13.9,9720,6313,2460,947,270,14.2,0.03,25.0,0,0,0,0,0,-58,6,-98,0,0,1732,1732,2535,0,24222,0,11,147,18403,56,14,32,0
Oner,14,1,3,1,154,132,4.3,10297,286,16.8,62,8,16,9,6,1.72,0.22,0.25,0.44,19.1,6265,4938,895,432,174,9.1,0.06,50.0,0,0,0,0,0,-1174,-16,-1054,-1,0,1560,1560,2596,0,27225,0,7,136,30840,115,10,30,0
Faker,17,1,3,2,269,24,7.5,12261,341,20.1,52,20,6,8,8,1.44,0.56,0.22,0.17,16.0,17953,330,17623,0,499,26.2,0.08,75.0,0,0,0,0,0,-69,5,-371,0,0,2294,2294,1989,0,13183,0,15,326,20854,135,10,29,0
Gumayusi,16,1,2,2,392,23,10.9,17158,477,28.1,72,15,23,6,6,2,0.42,0.17,0.64,22.2,28766,19617,8105,1044,799,42.0,0.08,75.0,0,0,0,0,0,-473,-16,230,0,0,6280,6280,2122,0,10030,0,0,81,18450,14,11,29,0
Keria,13,0,2,4,14,0,0.4,8014,223,13.1,93,63,8,22,19,2.58,1.75,0.61,0.22,28.7,5792,866,4926,0,161,8.5,0.11,100.0,0,0,0,0,0,-642,2,-691,0,0,1047,1047,11785,8606,4747,2900,25,251,10871,41,24,40,0
